kinase,upregulated,downregulated,unregulated,upregulated_enrichment_value,upregulated_enrichment_value_log2,upregulated_p_value,upregulated_p_value_log10_abs,upregulated_adjusted_p_value,upregulated_adjusted_p_value_log10_abs,downregulated_enrichment_value,downregulated_enrichment_value_log2,downregulated_p_value,downregulated_p_value_log10_abs,downregulated_adjusted_p_value,downregulated_adjusted_p_value_log10_abs,dominant_direction,dominant_enrichment_value_log2,dominant_p_value_log10_abs,dominant_adjusted_p_value_log10_abs
AAK1,9.0,33.0,168.0,0.4503130797773655,1.150999712131238,0.996475878543124,0.001533209700481529,1.0,0.0,1.6247717937015063,-0.700237099547186,0.012495059791247739,1.90326166135051,0.11831259739837702,0.9269690111681109,downregulated set,-0.700237099547186,1.90326166135051,0.9269690111681109
ACVR2A,39.0,12.0,159.0,2.2922492194923305,1.1967639063022666,3.135781185582934e-05,4.503654249944679,0.0003800566796926516,3.4201516301144115,0.5870523104733928,-0.7684390315893704,0.9764499668375454,0.01035000499574323,1.0,0.0,upregulated set,1.1967639063022666,4.503654249944679,3.4201516301144115
ACVR2B,50.0,10.0,172.0,2.8144325407194497,1.4928440685873698,2.3453992658575882e-08,7.629783215124268,4.4415998597178076e-07,6.352460569277888,0.4472937430786268,-1.1607055173911989,0.9977645659916944,0.0009719233949627859,1.0,0.0,upregulated set,1.4928440685873698,7.629783215124268,6.352460569277888
AKT1,4.0,1.0,33.0,1.0548939878013361,0.07709802172099953,0.5397031747359127,0.2678450272447118,1.0,0.0,0.23926218708827404,-2.0633356830119136,0.9824474657716715,0.007690663278706716,1.0,0.0,upregulated set,0.07709802172099953,0.2678450272447118,0.0
AKT2,4.0,5.0,55.0,0.6278245715945396,0.6715666011315934,0.872622471529702,0.05917360737522489,1.0,0.0,0.7203412423353772,-0.47324758833578523,0.8157986706189474,0.08841700672096627,1.0,0.0,downregulated set,-0.47324758833578523,0.08841700672096627,0.0
AKT3,6.0,3.0,56.0,0.9305236564079008,0.10388526695808342,0.6287358941263749,0.20153174535040627,1.0,0.0,0.42185547688463143,-1.2451792630002931,0.9681173855503533,0.014071980701980537,1.0,0.0,upregulated set,0.10388526695808342,0.20153174535040627,0.0
ALK2,70.0,13.0,227.0,3.158608143537427,1.6592889676510463,1.6548568928361386e-12,11.78123955677576,5.5713515392150005e-11,10.254039437712782,0.43510470823246156,-1.2005654666394123,0.9995315881291321,0.00020347634986601944,1.0,0.0,upregulated set,1.6592889676510463,11.78123955677576,10.254039437712782
ALK4,26.0,11.0,146.0,1.5978439956691617,0.676126558665633,0.02690892141883625,1.5701037095656907,0.18644957981907687,0.7294385910233065,0.5872214271110202,-0.7680234832750129,0.9721158854183988,0.0122819599730941,1.0,0.0,upregulated set,0.676126558665633,1.5701037095656907,0.7294385910233065
ALPHAK3,49.0,15.0,148.0,3.2230990318676884,1.688448516845938,9.223613724638091e-10,9.035098893134311,1.8631699723768942e-08,7.729747523687687,0.7988691108026456,-0.3239689480101969,0.8256017967975379,0.08322937053953024,1.0,0.0,upregulated set,1.688448516845938,9.035098893134311,7.729747523687687
AMPKA1,10.0,13.0,153.0,0.5543846202976305,0.8510408600098333,0.9796112717116681,0.008946226391325291,1.0,0.0,0.6644291350173703,-0.5898127584571862,0.9419048428344485,0.025992970157611494,1.0,0.0,downregulated set,-0.5898127584571862,0.025992970157611494,0.0
AMPKA2,6.0,15.0,146.0,0.3450204818746421,1.5352460859766217,0.999075898537908,0.000401517715846078,1.0,0.0,0.81043330712246,-0.30323462776587445,0.8110843469132163,0.09093397995134836,1.0,0.0,downregulated set,-0.30323462776587445,0.09093397995134836,0.0
ANKRD3,0,4.0,53.0,0,0,1,0,1.0,0.0,0.5967119055500386,-0.7448935331669128,0.8942960568096973,0.04851868416391502,1.0,0.0,downregulated set,-0.7448935331669128,0.04851868416391502,0.0
ASK1,3.0,7.0,69.0,0.3721960675713099,1.4258652821698794,0.9838746371802034,0.0070602347488504455,1.0,0.0,0.8044119533153777,-0.3139935750781485,0.7600238705498416,0.11917276734384627,1.0,0.0,downregulated set,-0.3139935750781485,0.11917276734384627,0.0
ATM,20.0,9.0,120.0,1.47979797979798,0.5654002343426383,0.0792143145827062,1.1011963312572042,0.46157571766461497,0.3357570463896983,0.5868694362017804,-0.7688885194835043,0.960906638276715,0.017318806349070313,1.0,0.0,upregulated set,0.5654002343426383,1.1011963312572042,0.3357570463896983
ATR,8.0,7.0,109.0,0.6289599477450194,0.6689599458740834,0.9284603106372832,0.032236656533387156,1.0,0.0,0.5016373034559282,-0.9952834590484483,0.9807183134863855,0.008455714807216802,1.0,0.0,upregulated set,0.6689599458740834,0.032236656533387156,0.0
AURA,22.0,6.0,112.0,1.7611985472154963,0.8165575593318776,0.016962859665414092,1.7705009308400215,0.13178837124667872,0.8801229093642156,0.4167542016806723,-1.2627313504727615,0.9937731661448294,0.0027127342483298693,1.0,0.0,upregulated set,0.8165575593318776,1.7705009308400215,0.8801229093642156
AURB,9.0,13.0,88.0,0.8862529515938606,0.17420956774791993,0.6834492529097544,0.16529372688908722,1.0,0.0,1.184036309036309,-0.24371332257449924,0.3334565234567897,0.47696078199829156,1.0,0.0,downregulated set,-0.24371332257449924,0.47696078199829156,0.0
AURC,6.0,17.0,92.0,0.5588564238780931,0.8394504078199211,0.9489822801150987,0.02274189686678606,1.0,0.0,1.4967952953614378,-0.5818769291046233,0.09299353348224604,1.0315472500548684,0.5147370506316764,0.28841457022706873,downregulated set,-0.5818769291046233,1.0315472500548684,0.28841457022706873
BCKDK,12.0,15.0,111.0,0.9378821444395214,0.09252145180052171,0.6274765449312097,0.20240250346816696,1.0,0.0,1.0802645545847962,-0.11138466872987153,0.4348624087851613,0.3616481328331214,1.0,0.0,downregulated set,-0.11138466872987153,0.3616481328331214,0.0
BIKE,10.0,37.0,168.0,0.5019776640297813,0.9943049233614661,0.9919988302743576,0.0034888399483327605,1.0,0.0,1.845295885344429,-0.8838521648459261,0.0015744296153478944,2.8028767496665425,0.025108009128969055,1.6001877221170666,downregulated set,-0.8838521648459261,2.8028767496665425,1.6001877221170666
BMPR1A,77.0,12.0,210.0,3.89125,1.9602336716944548,3.177611820194375e-17,16.497899157677523,3.209387938396319e-15,14.493577783894882,0.43575705731394354,-1.198404065144824,0.9992855148244407,0.00031040787326868844,1.0,0.0,upregulated set,1.9602336716944548,16.497899157677523,14.493577783894882
BMPR1B,61.0,11.0,185.0,3.3127533783783782,1.7280308043745214,5.994523705171425e-12,11.222245318058595,1.6512188024244924e-10,9.782195374714515,0.45650665590964096,-1.1312921998962024,0.9980204914699037,0.0008605416375351231,1.0,0.0,upregulated set,1.7280308043745214,11.222245318058595,9.782195374714515
BMPR2,19.0,14.0,104.0,1.6264519876097057,0.7017282350690275,0.04475229493162477,1.349184688826608,0.2711989072856461,0.5667120646603218,1.0757066728452271,-0.1052847327982831,0.4452967600960212,0.3513504647105437,1.0,0.0,upregulated set,0.7017282350690275,1.349184688826608,0.5667120646603218
BRAF,14.0,6.0,94.0,1.308967066919458,0.3884288001176301,0.2182056094945944,0.6611340890307451,1.0,0.0,0.4999374217772215,-1.0001805738835687,0.9744274260804943,0.011250500955252795,1.0,0.0,upregulated set,0.3884288001176301,0.6611340890307451,0.0
BRSK1,17.0,7.0,176.0,0.8310037878787879,0.26707304178886876,0.7948543893736095,0.09971242314669779,1.0,0.0,0.3028124161973719,-1.7235037336220673,0.9999294428641727,3.064365582568582e-05,1.0,0.0,upregulated set,0.26707304178886876,0.09971242314669779,0.0
BRSK2,12.0,10.0,156.0,0.6559899117276167,0.6082544666483496,0.9417717190965302,0.02605435532962344,1.0,0.0,0.4962225274725275,-1.010940862810655,0.9928243677223578,0.0031275721242695564,1.0,0.0,upregulated set,0.6082544666483496,0.02605435532962344,0.0
BUB1,7.0,28.0,150.0,0.39245161290322583,1.3494133061769578,0.9980041875448538,0.0008676364442849046,1.0,0.0,1.530314465408805,-0.6138281438129242,0.034548983932124425,1.4615647204796622,0.27548268766930795,0.5599056885941674,downregulated set,-0.6138281438129242,1.4615647204796622,0.5599056885941674
CAMK1A,16.0,6.0,103.0,1.369673902525562,0.45383245142727285,0.159848905474028,0.7962903331065088,0.8318321002294385,0.07996432431309013,0.45471159337521416,-1.1369763072295707,0.9871797752150685,0.0056037508011786055,1.0,0.0,upregulated set,0.45383245142727285,0.7962903331065088,0.07996432431309013
CAMK1B,12.0,2.0,73.0,1.4465753424657535,0.532641465591074,0.1603865639513393,0.7948320166391434,0.8318321002294385,0.07996432431309013,0.21376234469576297,-2.225920357381932,0.9986579059197457,0.0005832555327546204,1.0,0.0,upregulated set,0.532641465591074,0.7948320166391434,0.07996432431309013
CAMK1D,21.0,6.0,112.0,1.675464527027027,0.7445611420935945,0.02900424369142712,1.5375384546205253,0.19207769066621472,0.7165230744053652,0.4167542016806723,-1.2627313504727615,0.9937731661448294,0.0027127342483298693,1.0,0.0,upregulated set,0.7445611420935945,1.5375384546205253,0.7165230744053652
CAMK1G,7.0,4.0,130.0,0.45630272952853596,1.1319368111114563,0.9912349320374316,0.0038234014223695843,1.0,0.0,0.2363472784525416,-2.0810198427807207,0.9999034110264163,4.1950084230489963e-05,1.0,0.0,upregulated set,1.1319368111114563,0.0038234014223695843,0.0
CAMK2A,64.0,11.0,188.0,3.45673198217139,1.7894087485288692,4.817837443014781e-13,12.317147857470234,1.8247559315418483e-11,10.738795215959872,0.44869799936487775,-1.156183343484658,0.9984157098710497,0.0006885940712756222,1.0,0.0,upregulated set,1.7894087485288692,12.317147857470234,10.738795215959872
CAMK2B,65.0,6.0,179.0,3.7148621087168574,1.8933086606259326,2.4920623128682415e-14,13.603441102543972,1.887737201997693e-12,11.72405846536963,0.25415708182714425,-1.976207664319151,0.9999859786462094,6.089439271254459e-06,1.0,0.0,upregulated set,1.8933086606259326,13.603441102543972,11.72405846536963
CAMK2D,40.0,6.0,147.0,2.5639136521034405,1.3583476754590564,2.933071582050313e-06,5.532677337868374,3.864002997222803e-05,4.412962545383661,0.3133253301320528,-1.6742666887956632,0.9997050990482589,0.00012809274431374145,1.0,0.0,upregulated set,1.3583476754590564,5.532677337868374,4.412962545383661
CAMK2G,70.0,12.0,211.0,3.4196135617936565,1.7738333005544615,8.423370615101485e-14,13.074514090611736,3.646116137679643e-12,11.438169502123687,0.43352158242756195,-1.2058242765587233,0.9993376768300732,0.00028773859642756603,1.0,0.0,upregulated set,1.7738333005544615,13.074514090611736,11.438169502123687
CAMK4,7.0,5.0,74.0,0.8187009590235397,0.2885915095850621,0.7455106351286949,0.12754615671164174,1.0,0.0,0.5316239993659349,-0.9115218605052388,0.9503948620713939,0.02209592019545064,1.0,0.0,upregulated set,0.2885915095850621,0.12754615671164174,0.0
CAMKK1,12.0,11.0,79.0,1.333720688939614,0.4154565654181152,0.22345423733699396,0.6508114054492427,1.0,0.0,1.1130927640279615,-0.1545738304393702,0.42136302626045474,0.37534357550424785,1.0,0.0,upregulated set,0.4154565654181152,0.6508114054492427,0.0
CAMKK2,18.0,16.0,96.0,1.6686872909698998,0.7387136215452713,0.04145253312653003,1.382448924962694,0.2563289293334408,0.5912023764889026,1.343939393939394,-0.42646808005524817,0.17676616130955874,0.7526008692046284,0.8501610615364492,0.07049879015590514,upregulated set,0.7387136215452713,1.382448924962694,0.5912023764889026
CAMLCK,12.0,5.0,110.0,0.9467660208643816,0.07892016575835346,0.6157594782794187,0.21058889441737227,1.0,0.0,0.3528392428685684,-1.5029170681660713,0.9974695859056928,0.0011003376208654275,1.0,0.0,upregulated set,0.07892016575835346,0.21058889441737227,0.0
CDC7,45.0,9.0,202.0,2.0925851776354105,1.065286348152524,5.804906662292777e-05,4.236204758936103,0.0006281738280981112,3.201920161776018,0.3377941651731939,-1.565783686666357,0.9999283405551209,3.112241660810175e-05,1.0,0.0,upregulated set,1.065286348152524,4.236204758936103,3.201920161776018
CDK1,19.0,58.0,274.0,0.5777813158281487,0.7914045438022619,0.9936093234311919,0.0027843419906414023,1.0,0.0,1.8249949310624494,-0.8678924569015739,0.00017231065591376594,3.763687864389171,0.0037292949101336488,2.428373271565104,downregulated set,-0.8678924569015739,3.763687864389171,2.428373271565104
CDK10,25.0,90.0,399.0,0.5059738387063549,0.9828653023478757,0.9997812879061508,9.499584423291455e-05,1.0,0.0,2.07765507518797,-1.0549561630870916,1.205242359905698e-07,6.918925612851646,7.303768701028531e-06,5.13645298868536,downregulated set,-1.0549561630870916,6.918925612851646,5.13645298868536
CDK12,17.0,54.0,301.0,0.4623698781838317,1.1128806806350642,0.999686351345465,0.000136237246352472,1.0,0.0,1.5089427934282984,-0.5935381118939287,0.007897278746364469,2.102522532637633,0.08545983786244409,1.0682379354775473,downregulated set,-0.5935381118939287,2.102522532637633,1.0682379354775473
CDK13,16.0,59.0,284.0,0.4628702447241589,1.1113202718744464,0.9995604346140257,0.00019094279056018106,1.0,0.0,1.7900942238798645,-0.8400355275714092,0.00023441584122201853,3.630013043153751,0.004735199992684774,2.3246616737071273,downregulated set,-0.8400355275714092,3.630013043153751,2.3246616737071273
CDK14,11.0,58.0,324.0,0.26994069232631324,1.8892856220015501,0.999999894064983,4.600699575194367e-08,1.0,0.0,1.5122813786008231,-0.5967265957390643,0.006126332028528813,2.2127994694539845,0.07322767742332233,1.1353247402483877,downregulated set,-0.5967265957390643,2.2127994694539845,1.1353247402483877
CDK16,23.0,58.0,310.0,0.617522492868115,0.6954364079741994,0.9908101535272351,0.004009551542946944,1.0,0.0,1.5896729390681004,-0.6687299744904118,0.0025893179460456128,2.58681461865159,0.03736015893580098,1.4275912848832044,downregulated set,-0.6687299744904118,2.58681461865159,1.4275912848832044
CDK17,15.0,47.0,285.0,0.4308121296619031,1.2148692248642898,0.9998206914601243,7.787969188174095e-05,1.0,0.0,1.3634219327583172,-0.44723209633180294,0.043141979632303186,1.3650999305440932,0.2970913597406333,0.5271099785279756,downregulated set,-0.44723209633180294,1.3650999305440932,0.5271099785279756
CDK18,16.0,43.0,266.0,0.4977893238078585,1.006392806020055,0.9985911917377683,0.0006122690405260929,1.0,0.0,1.3289783865604605,-0.41031764196879394,0.06564976714615187,1.182766809975426,0.4059567233731432,0.39152026150163477,downregulated set,-0.41031764196879394,1.182766809975426,0.39152026150163477
CDK19,22.0,47.0,243.0,0.7715421636325591,0.3741830947971795,0.8935513679317779,0.04888047598646445,1.0,0.0,1.6262438581279162,-0.7015436082942593,0.003902137549839551,2.408697425847849,0.051406420765277565,1.2889826333631371,downregulated set,-0.7015436082942593,2.408697425847849,1.2889826333631371
CDK2,20.0,75.0,330.0,0.4952555861646771,1.0137548470080855,0.9995354421276642,0.0002018017984173506,1.0,0.0,2.0353908084535393,-1.0253058280473275,1.5012773000774363e-06,5.823539082060188,6.498386027478046e-05,4.18719449357214,downregulated set,-1.0253058280473275,5.823539082060188,4.18719449357214
CDK3,15.0,50.0,216.0,0.5842991169977925,0.7752209858266742,0.9862613102900156,0.006008003332964445,1.0,0.0,1.9871433933933933,-0.9906959820356611,7.756050822354105e-05,4.110359353822879,0.0019612052322988687,2.7074769567701917,downregulated set,-0.9906959820356611,4.110359353822879,2.7074769567701917
CDK4,19.0,90.0,358.0,0.4272524464774474,1.226839341989398,0.9999672864286848,1.4207555896744502e-05,1.0,0.0,2.35586155726257,-1.2362547613588528,1.1529973418505337e-09,8.938171693937717,1.164527315269039e-07,6.9338503201550745,downregulated set,-1.2362547613588528,8.938171693937717,6.9338503201550745
CDK5,22.0,72.0,333.0,0.54286150557337,0.8813439092102175,0.998496109830656,0.0006536228136801414,1.0,0.0,1.9128033142631682,-0.9356885348834744,1.2348357466727716e-05,4.908390806823549,0.00046769403905231227,3.3300381653131876,downregulated set,-0.9356885348834744,4.908390806823549,3.3300381653131876
CDK6,19.0,91.0,351.0,0.437044685366833,1.1941473001470604,0.9999466264600306,2.318045250524735e-05,1.0,0.0,2.4461873638344227,-1.2905349102113541,2.1932965654491098e-10,9.658902641450572,6.645688593310803e-08,7.177460012948267,downregulated set,-1.2905349102113541,9.658902641450572,7.177460012948267
CDK7,10.0,49.0,240.0,0.34161237785016285,1.5495678449303563,0.9999589833178493,1.7813684055647383e-05,1.0,0.0,1.7302609427609428,-0.7909896288669033,0.001185984801519681,2.925920876451039,0.020888639824268272,1.6800898384326508,downregulated set,-0.7909896288669033,2.925920876451039,1.6800898384326508
CDK8,24.0,45.0,269.0,0.7576030551784514,0.40048594612711325,0.9158059447616639,0.03819654166788981,1.0,0.0,1.3827514233842582,-0.46754182714395104,0.03950982826972529,1.403294857984278,0.2895253507952489,0.5383134035135049,downregulated set,-0.46754182714395104,1.403294857984278,0.5383134035135049
CDK9,18.0,75.0,300.0,0.4930434782608696,1.0202132208895087,0.999283574712057,0.00031125105663117026,1.0,0.0,2.2666051660516606,-1.1805331010082933,5.362048262751223e-08,7.27066928133557,4.0617515590340515e-06,5.391286644161227,downregulated set,-1.1805331010082933,7.27066928133557,5.391286644161227
CDKL1,6.0,25.0,202.0,0.24402279456241444,2.0349121763362574,0.9999930766624288,3.006777712023881e-06,1.0,0.0,0.9850868264396533,-0.021677204274389524,0.5611977522103923,0.2508840771386494,1.0,0.0,downregulated set,-0.021677204274389524,0.2508840771386494,0.0
CDKL5,7.0,27.0,171.0,0.3414827391058291,1.5501154382922768,0.9996214649748565,0.00016442679524121892,1.0,0.0,1.2799868008579443,-0.35612893332295564,0.15118222312095494,0.82049927268641,0.7634702267608224,0.11720789456774866,downregulated set,-0.35612893332295564,0.82049927268641,0.11720789456774866
CHAK1,4.0,8.0,80.0,0.42763578274760383,1.225545518179203,0.9796768924746391,0.00891713548393538,1.0,0.0,0.7920118343195266,-0.336406107528769,0.7819826059672054,0.10680290706352195,1.0,0.0,downregulated set,-0.336406107528769,0.10680290706352195,0.0
CHAK2,7.0,20.0,100.0,0.5999677419354839,0.7370431605008516,0.9367120758288334,0.028393880931442537,1.0,0.0,1.6300613496932514,-0.7049262633720667,0.04045609406298396,1.3930160496121295,0.2895253507952489,0.5383134035135049,downregulated set,-0.7049262633720667,1.3930160496121295,0.5383134035135049
CHK1,37.0,12.0,149.0,2.3129434324065197,1.2097299824528993,4.0638773926152676e-05,4.391059403212785,0.00045605735183793563,3.3409805388694673,0.628863079210706,-0.6691821579839802,0.9576957564999234,0.01877243691199271,1.0,0.0,upregulated set,1.2097299824528993,4.391059403212785,3.3409805388694673
CHK2,18.0,10.0,150.0,1.0462876254180602,0.06527950428388281,0.4694735753091267,0.3283888473177783,1.0,0.0,0.5172619047619048,-0.9510331508517224,0.989118451592512,0.004751696479044561,1.0,0.0,upregulated set,0.06527950428388281,0.3283888473177783,0.0
CK1A,21.0,10.0,88.0,2.1517582923832923,1.1055160286544796,0.003041775195484251,2.5168728859333704,0.027929026794900853,1.5539441973089527,0.9026650432900433,-0.14773735638672883,0.6675860685105988,0.17549273495280007,1.0,0.0,upregulated set,1.1055160286544796,2.5168728859333704,1.5539441973089527
CK1A2,11.0,4.0,73.0,1.3216939743934104,0.40238817326481185,0.24387129530821205,0.6128393149912599,1.0,0.0,0.4300248337739325,-1.2175081175657316,0.9787678619084137,0.009320299255863097,1.0,0.0,upregulated set,0.40238817326481185,0.6128393149912599,0.0
CK1D,21.0,13.0,113.0,1.6600095670892132,0.7311915562423146,0.031242023023695036,1.50526085188881,0.19721527033707492,0.7050594607620921,0.9134444178691966,-0.13061114983766603,0.6625215823996181,0.17879996952037913,1.0,0.0,upregulated set,0.7311915562423146,1.50526085188881,0.7050594607620921
CK1E,15.0,8.0,67.0,1.994168231689236,0.9957871232696537,0.01836630978570342,1.7359780946848755,0.13573150890410088,0.867319322902306,0.9502781948246931,-0.07357816929597025,0.6093669922674687,0.21512107401281563,1.0,0.0,upregulated set,0.9957871232696537,1.7359780946848755,0.867319322902306
CK1G1,12.0,9.0,50.0,2.1300983606557375,1.0909200507111465,0.022037750556239945,1.6568327369921643,0.1589866290128739,0.7986393988877596,1.4458753709198813,-0.5319432027006928,0.20547794019472027,0.6872347964933034,0.9292509832686603,0.031866970691824904,upregulated set,1.0909200507111465,1.6568327369921643,0.7986393988877596
CK1G2,22.0,11.0,100.0,1.9814915254237289,0.9865867971038756,0.005676254125695079,2.2459381694308216,0.0505854411789885,1.295974457970772,0.8724477611940299,-0.19685934399205554,0.7091187763825288,0.14928101501840824,1.0,0.0,upregulated set,0.9865867971038756,2.2459381694308216,1.295974457970772
CK1G3,20.0,7.0,90.0,1.9955106621773289,0.996757987307848,0.007481547930600241,2.1260085374071602,0.0647688292277678,1.1886339532551307,0.611897738446411,-0.7086375278574882,0.9288343767151858,0.03206171947379923,1.0,0.0,upregulated set,0.996757987307848,2.1260085374071602,1.1886339532551307
CK2A1,97.0,15.0,281.0,3.885021028793271,1.9579224076558066,1.7395993733296362e-20,19.75955075745619,5.2709861011887974e-18,17.278108128953885,0.3993076087774564,-1.3244275322053607,0.9999575921276465,1.841789548704273e-05,1.0,0.0,upregulated set,1.9579224076558066,19.75955075745619,17.278108128953885
CK2A2,98.0,15.0,291.0,3.7921197570964553,1.92300452600859,4.4902527470501966e-20,19.34772921276953,6.802732911781048e-18,17.167316579931207,0.384028405020712,-1.380715069704144,0.9999810367146013,8.23572829591053e-06,1.0,0.0,upregulated set,1.92300452600859,19.34772921276953,17.167316579931207
CLK1,31.0,59.0,374.0,0.6906342320780824,0.5340062500888798,0.9789785929821406,0.009226804674263941,1.0,0.0,1.3098529877582963,-0.38940489898878783,0.048779339176263634,1.3117640874590693,0.3284475504535085,0.48353397273210785,downregulated set,-0.38940489898878783,1.3117640874590693,0.48353397273210785
CLK2,40.0,36.0,324.0,1.0843695681240808,0.11685653089197853,0.35332280386708564,0.4518283317866668,1.0,0.0,0.8720430107526882,-0.19752880177812068,0.7942078846574361,0.10006580570550451,1.0,0.0,upregulated set,0.11685653089197853,0.4518283317866668,0.0
CLK3,42.0,39.0,281.0,1.3457392429634423,0.4283988933600769,0.05966852177442503,1.224254721216777,0.3545012176009958,0.4503822688124083,1.1193619808269675,-0.16267665248540755,0.29380100439285467,0.5319467238571005,1.0,0.0,upregulated set,0.4283988933600769,1.224254721216777,0.4503822688124083
CLK4,32.0,40.0,335.0,0.8117727153705159,0.30085224470291,0.8786518020239622,0.056183195937570846,1.0,0.0,0.9450785289240075,-0.0814938834560954,0.6518585058708293,0.18584666314584158,1.0,0.0,downregulated set,-0.0814938834560954,0.18584666314584158,0.0
COT,7.0,3.0,55.0,1.109325513196481,0.14968276258439153,0.46049629816281884,0.3367738566591466,1.0,0.0,0.4296846011131725,-1.2186500196506314,0.9651125628300347,0.015422031148390617,1.0,0.0,upregulated set,0.14968276258439153,0.3367738566591466,0.0
CRIK,9.0,13.0,135.0,0.5675324675324676,0.8172251660816653,0.969766027061087,0.01333303420104429,1.0,0.0,0.7582248915582249,-0.39930227575924626,0.8594644779628181,0.06577206818406368,1.0,0.0,downregulated set,-0.39930227575924626,0.06577206818406368,0.0
DAPK1,19.0,5.0,99.0,1.7118161480577587,0.7755277621779887,0.030719848027589015,1.512580937108714,0.19721527033707492,0.7050594607620921,0.39367279836488045,-1.3449310649402453,0.9933812525104143,0.0028840404431761907,1.0,0.0,upregulated set,0.7755277621779887,1.512580937108714,0.7050594607620921
DAPK2,14.0,7.0,88.0,1.4013651365136515,0.48683291008932245,0.16094867479311598,0.7933125948243228,0.8318321002294385,0.07996432431309013,0.6262737999463663,-0.6751345695740706,0.9191865461558443,0.036596340904886095,1.0,0.0,upregulated set,0.48683291008932245,0.7933125948243228,0.07996432431309013
DAPK3,14.0,2.0,95.0,1.2947021017891263,0.3726201861655971,0.22852969361533276,0.6410573626162082,1.0,0.0,0.16291309669522644,-2.617825507121154,0.9998825523607888,5.1009857174267905e-05,1.0,0.0,upregulated set,0.3726201861655971,0.6410573626162082,0.0
DCAMKL1,7.0,11.0,116.0,0.514098998887653,0.9598818921771125,0.9770258435528965,0.010093948498244538,1.0,0.0,0.7475810602161606,-0.41969807566831674,0.8554318359945797,0.0678145909514443,1.0,0.0,downregulated set,-0.41969807566831674,0.0678145909514443,0.0
DCAMKL2,9.0,9.0,79.0,0.990547427256288,0.01370204210538145,0.5638167348400546,0.24886203782796668,1.0,0.0,0.9053074409345303,-0.14352028259233846,0.6612988882882161,0.17960220738931792,1.0,0.0,upregulated set,0.01370204210538145,0.24886203782796668,0.0
DLK,10.0,5.0,90.0,0.9652551574375678,0.05101773726156563,0.5917412923296783,0.22786812413989402,1.0,0.0,0.4345063538611926,-1.2025508209155586,0.9859124971682409,0.006161628348172464,1.0,0.0,upregulated set,0.05101773726156563,0.22786812413989402,0.0
DMPK1,8.0,3.0,62.0,1.1253784319866373,0.17041021934861791,0.4357003554629671,0.3608120857481062,1.0,0.0,0.38018433179723504,-1.3952290181986635,0.9816038086458022,0.008063765205006434,1.0,0.0,upregulated set,0.17041021934861791,0.3608120857481062,0.0
DNAPK,21.0,10.0,161.0,1.1439482961222092,0.19402184703433203,0.3232293412774509,0.49048922284637786,1.0,0.0,0.47988760721679974,-1.0592315380068764,0.9949736403122025,0.0021884248006033193,1.0,0.0,upregulated set,0.19402184703433203,0.49048922284637786,0.0
DRAK1,14.0,9.0,103.0,1.1905540068569964,0.2516330667716282,0.317464331867041,0.49830506200505564,1.0,0.0,0.6881392065915704,-0.5392276515525712,0.8930872779200301,0.04910609713958299,1.0,0.0,upregulated set,0.2516330667716282,0.49830506200505564,0.0
DSTYK,9.0,4.0,73.0,1.0743639921722115,0.10348285806757744,0.4749255335668458,0.32337448068311936,1.0,0.0,0.4300248337739325,-1.2175081175657316,0.9787678619084137,0.009320299255863097,1.0,0.0,upregulated set,0.10348285806757744,0.32337448068311936,0.0
DYRK1A,18.0,40.0,329.0,0.444277276839719,1.170467740235352,0.9998937919963473,4.61279995450571e-05,1.0,0.0,0.9646979359119534,-0.05185081528484886,0.6078626457745494,0.21619454395300994,1.0,0.0,downregulated set,-0.05185081528484886,0.21619454395300994,0.0
DYRK1B,31.0,52.0,412.0,0.6169376739765089,0.6968033461719938,0.9962152181368742,0.0016468282908583686,1.0,0.0,1.0067036523347204,-0.009639053524248374,0.5093973101354472,0.29294335265158833,1.0,0.0,downregulated set,-0.009639053524248374,0.29294335265158833,0.0
DYRK2,28.0,50.0,342.0,0.6841498209190797,0.547615801605837,0.977339337038799,0.009954620911404694,1.0,0.0,1.1928046467520153,-0.25435778298301265,0.15996182051628888,0.7959836618298429,0.7817488970392827,0.10693272282579178,downregulated set,-0.25435778298301265,0.7959836618298429,0.10693272282579178
DYRK3,24.0,41.0,395.0,0.4898086145072796,1.0297099473683997,0.9998612511219372,6.0262052855716975e-05,1.0,0.0,0.8038348205021789,-0.31502902149947287,0.9107432082894961,0.04060405875021623,1.0,0.0,downregulated set,-0.31502902149947287,0.04060405875021623,0.0
DYRK4,41.0,50.0,384.0,0.9179970561594203,0.12343856768729354,0.7123960560175021,0.14727849355266956,1.0,0.0,1.0438661317567568,-0.06193670861856679,0.4219977977004864,0.37468981550520286,1.0,0.0,downregulated set,-0.06193670861856679,0.37468981550520286,0.0
EEF2K,2.0,11.0,66.0,0.25887445887445887,1.949675462105315,0.9949517888267749,0.0021979628259021482,1.0,0.0,1.3388059701492536,-0.4209468895741263,0.23420789959402877,0.6303984607058527,0.9740505271977201,0.011418514256907463,downregulated set,-0.4209468895741263,0.6303984607058527,0.011418514256907463
ERK1,20.0,56.0,260.0,0.6467236467236467,0.6287787330136458,0.9775591268639117,0.009856965191284556,1.0,0.0,1.8545358090185677,-0.8910581249424274,0.00015242484600318628,3.816944235079211,0.0035526714106896497,2.449444958883743,downregulated set,-0.8910581249424274,3.816944235079211,2.449444958883743
ERK2,20.0,64.0,293.0,0.5663000884843888,0.82036133964075,0.9958805631359443,0.0017927437864672417,1.0,0.0,1.908551787572919,-0.9324783338738599,3.211375245506753e-05,4.493308944657318,0.0009730466993885462,3.0118663161550123,downregulated set,-0.9324783338738599,4.493308944657318,3.0118663161550123
ERK5,15.0,49.0,210.0,0.6024124881740776,0.7311764171084884,0.981018282650991,0.008322898858122364,1.0,0.0,2.001010101010101,-1.0007284499225146,7.767149434847005e-05,4.109738339224872,0.0019612052322988687,2.7074769567701917,downregulated set,-1.0007284499225146,4.109738339224872,2.7074769567701917
ERK7,13.0,57.0,221.0,0.4907120743034056,1.0270513245545176,0.9973819521497765,0.0011384947026545466,1.0,0.0,2.263257605411076,-1.1784008024120385,1.2882639021810926e-06,5.889995162192751,6.498386027478046e-05,4.18719449357214,downregulated set,-1.1784008024120385,5.889995162192751,4.18719449357214
FAM20C,61.0,16.0,199.0,3.0629318467336684,1.6149132659008745,7.734904426703047e-11,10.11154504812,1.9488695476482854e-09,8.710217230473257,0.6232373991167961,-0.6821462859078277,0.9763666562047703,0.010387060546882163,1.0,0.0,upregulated set,1.6149132659008745,10.11154504812,8.710217230473257
GAK,9.0,12.0,120.0,0.6421266233766234,0.6390702789965472,0.9288662673075729,0.032046808666351,1.0,0.0,0.7895209580838324,-0.3409505314968542,0.8171553376829485,0.08769537812366195,1.0,0.0,downregulated set,-0.3409505314968542,0.08769537812366195,0.0
GCK,4.0,10.0,81.0,0.4221985563838599,1.244006449175782,0.9812228289602182,0.008232356127988802,1.0,0.0,0.9832451499118166,-0.02437693013456179,0.5707649252315308,0.24354272309494251,1.0,0.0,downregulated set,-0.02437693013456179,0.24354272309494251,0.0
GCN2,4.0,6.0,59.0,0.5843937835057129,0.774987263346192,0.9029816853667979,0.04432105813034773,1.0,0.0,0.8069790628115653,-0.30939685183011933,0.7483478091510405,0.12589650843562622,1.0,0.0,downregulated set,-0.30939685183011933,0.12589650843562622,0.0
GRK1,45.0,8.0,155.0,2.7772770398481974,1.4736710965228932,1.3541068548979917e-07,6.868347063375021,2.0853140348288006e-06,5.680828533820433,0.397327734300439,-1.3315985948386266,0.9986588272784858,0.0005828548541741837,1.0,0.0,upregulated set,1.4736710965228932,6.868347063375021,5.680828533820433
GRK2,37.0,11.0,149.0,2.3129434324065197,1.2097299824528993,4.0638773926152676e-05,4.391059403212785,0.00045605735183793563,3.3409805388694673,0.5747370529900832,-0.7990260329389215,0.9768288534357173,0.010181520743306666,1.0,0.0,upregulated set,1.2097299824528993,4.391059403212785,3.3409805388694673
GRK3,43.0,8.0,144.0,2.8477037712895377,1.5097990796192795,1.376444907477756e-07,6.861241166658757,2.0853140348288006e-06,5.680828533820433,0.42948717948717946,-1.219313028404476,0.996764666557013,0.001407365339089559,1.0,0.0,upregulated set,1.5097990796192795,6.861241166658757,5.680828533820433
GRK4,43.0,12.0,139.0,2.9557842776873393,1.5635409809633047,5.925589436880322e-08,7.227268442541131,9.974742218748541e-07,6.001098319142132,0.6766897858958343,-0.5634334825311625,0.9269341199186895,0.032951131413761055,1.0,0.0,upregulated set,1.5635409809633047,7.227268442541131,6.001098319142132
GRK5,47.0,13.0,195.0,2.287065527065527,1.1934977012188424,6.552431947933578e-06,5.183597480841553,8.272445334266141e-05,4.082366094050854,0.512912912912913,-0.9632142023381339,0.9953918427740005,0.0020059226162624207,1.0,0.0,upregulated set,1.1934977012188424,5.183597480841553,4.082366094050854
GRK6,74.0,11.0,230.0,3.3458221506530683,1.7423607600235687,5.068678317515547e-14,13.295105270299779,2.5596825503453513e-12,11.591813892181117,0.3607657365347177,-1.4708657687074376,0.9999445583457902,2.4078671977769312e-05,1.0,0.0,upregulated set,1.7423607600235687,13.295105270299779,11.591813892181117
GRK7,57.0,8.0,141.0,4.067430441898527,2.024117674235576,3.399845548934691e-14,13.468540812007447,2.060306402654423e-12,11.68606818784116,0.43912879264761423,-1.1872839631828953,0.9959122369147428,0.0017789313584335247,1.0,0.0,upregulated set,2.024117674235576,13.468540812007447,11.68606818784116
GSK3A,36.0,22.0,209.0,1.5618859507228116,0.6432891113968039,0.015410752846751351,1.8121761445908968,0.12288047664646473,0.910517112705402,0.8278102664067576,-0.27262795407190993,0.8217632201677902,0.08525330045018595,1.0,0.0,upregulated set,0.6432891113968039,1.8121761445908968,0.910517112705402
GSK3B,23.0,28.0,193.0,1.0393006943710126,0.05561312057130898,0.4686294900150383,0.3291703855046939,1.0,0.0,1.1697461465767263,-0.2261954761239093,0.25839087358364754,0.5877228297723766,1.0,0.0,downregulated set,-0.2261954761239093,0.5877228297723766,0.0
HASPIN,7.0,23.0,212.0,0.27107425441265975,1.883239996816775,0.9999885841531599,4.957867588071854e-06,1.0,0.0,0.8548250481920673,-0.2262989122370536,0.7851859326817261,0.1050274897819506,1.0,0.0,downregulated set,-0.2262989122370536,0.1050274897819506,0.0
HGK,3.0,11.0,73.0,0.3512782479713812,1.5093138508503046,0.9886087776474392,0.00497553784962648,1.0,0.0,1.2072786751175628,-0.2717587306123287,0.33202599882142575,0.4788279081555987,1.0,0.0,downregulated set,-0.2717587306123287,0.4788279081555987,0.0
HIPK1,21.0,51.0,341.0,0.5026551478164382,0.992359132549283,0.999522068806648,0.00020761249619907809,1.0,0.0,1.2248720115313882,-0.2926310080231984,0.12290444109079364,0.9104324238151095,0.6420697525950081,0.1924177888757418,downregulated set,-0.2926310080231984,0.9104324238151095,0.1924177888757418
HIPK2,25.0,33.0,271.0,0.785396552595663,0.34850682940667904,0.8893452918782052,0.05092958971300865,1.0,0.0,0.9671669240654068,-0.04816318787555143,0.5984386581932775,0.2229803594989822,1.0,0.0,downregulated set,-0.04816318787555143,0.2229803594989822,0.0
HIPK3,17.0,58.0,374.0,0.3610606060606061,1.469687072942907,0.9999984615331416,6.681481811357466e-07,1.0,0.0,1.2831810754604873,-0.35972476998789416,0.06446071992647863,1.1907048483993736,0.4059567233731432,0.39152026150163477,downregulated set,-0.35972476998789416,1.1907048483993736,0.39152026150163477
HIPK4,19.0,42.0,217.0,0.7462963535706554,0.42217945780352717,0.9067317245452645,0.04252118899719001,1.0,0.0,1.6171477079796266,-0.6934514585502237,0.006283563079228978,2.2017940207798747,0.07322767742332233,1.1353247402483877,downregulated set,-0.6934514585502237,2.2017940207798747,1.1353247402483877
HPK1,12.0,12.0,124.0,0.8354309888947646,0.25940743606990485,0.7616034590515244,0.11827109213989219,1.0,0.0,0.7628935677033031,-0.3904462960937084,0.8471170169133875,0.07205659404992679,1.0,0.0,upregulated set,0.25940743606990485,0.11827109213989219,0.0
HRI,4.0,12.0,60.0,0.5744408945686901,0.7997696363055334,0.9094981557320341,0.04119817725603675,1.0,0.0,1.6149700598802395,-0.6915074188741889,0.09851361565287135,1.0065037411343045,0.5330290275503575,0.27324913963819997,downregulated set,-0.6915074188741889,1.0065037411343045,0.27324913963819997
HUNK,7.0,13.0,93.0,0.6468262226847035,0.6285499272534026,0.9047345201074458,0.04347883887953626,1.0,0.0,1.118279569892473,-0.16128090703306064,0.4013847001503181,0.3964391858269296,1.0,0.0,downregulated set,-0.16128090703306064,0.3964391858269296,0.0
ICK,8.0,18.0,151.0,0.44681626267172464,1.162246398661319,0.9951753787986143,0.0021003772113073163,1.0,0.0,0.9471006299466969,-0.07841037393271567,0.6223115059378554,0.20599216925637,1.0,0.0,downregulated set,-0.07841037393271567,0.20599216925637,0.0
IKKA,34.0,2.0,91.0,3.519745272395449,1.815471023308734,4.2140298820308715e-08,7.375302389099275,7.51088855444326e-07,6.124308681975244,0.17032967032967034,-2.553598329811821,0.9998161072072073,7.987096924456424e-05,1.0,0.0,upregulated set,1.815471023308734,7.375302389099275,6.124308681975244
IKKB,19.0,6.0,90.0,1.8893736017897091,0.9179080062026753,0.014102926544339475,1.8506907561264827,0.11549153359283407,0.9374498516911727,0.5229411764705882,-0.9352794221952941,0.9656319928314411,0.015188353846930123,1.0,0.0,upregulated set,0.9179080062026753,1.8506907561264827,0.9374498516911727
IKKE,7.0,6.0,44.0,1.3923020527859238,0.47747223042793546,0.26900217053958264,0.5702442157241332,1.0,0.0,1.088101604278075,-0.12181327822802332,0.4903815164820394,0.3094659076599866,1.0,0.0,upregulated set,0.47747223042793546,0.5702442157241332,0.0
IRAK1,10.0,6.0,105.0,0.8227082363890181,0.28154720803635197,0.7640634626937733,0.11687056766376122,1.0,0.0,0.44571428571428573,-1.1658088929700805,0.9890521540617561,0.0047808068618392435,1.0,0.0,upregulated set,0.28154720803635197,0.11687056766376122,0.0
IRAK4,3.0,9.0,88.0,0.2897727272727273,1.7870062766658015,0.9970315677071003,0.001291090972234082,1.0,0.0,0.8099878608038845,-0.30402780823487696,0.7709076146891298,0.11299766453627148,1.0,0.0,downregulated set,-0.30402780823487696,0.11299766453627148,0.0
IRE1,3.0,9.0,86.0,0.2967338172122648,1.7527587422374589,0.9964364776870724,0.0015503821308839034,1.0,0.0,0.8294458629494169,-0.2697802738065341,0.7489642131200192,0.12553893318946271,1.0,0.0,downregulated set,-0.2697802738065341,0.12553893318946271,0.0
IRE2,3.0,4.0,65.0,0.39568838804507594,1.3375633665886082,0.9772961360304525,0.009973818311430543,1.0,0.0,0.48439046333783176,-1.0457576333040353,0.9585938922532716,0.018365342472492416,1.0,0.0,downregulated set,-1.0457576333040353,0.018365342472492416,0.0
JNK1,35.0,40.0,249.0,1.2501068102196018,0.3220513652801309,0.1433055538675903,0.8437369780094401,0.8041033855903679,0.09468810933010355,1.3166391054413733,-0.39685995292866855,0.07941269982067543,1.1001100388701868,0.4627316931858588,0.334670754002681,downregulated set,-0.39685995292866855,1.1001100388701868,0.334670754002681
JNK2,31.0,45.0,223.0,1.2316786352660791,0.30062588282899044,0.17576721923737448,0.7550621180665671,0.858991410143943,0.06601117906251597,1.6988215663781416,-0.7645343287904774,0.002334879703207304,2.6317354900782073,0.035373427503590654,1.4513228572398833,downregulated set,-0.7645343287904774,2.6317354900782073,1.4513228572398833
JNK3,34.0,45.0,243.0,1.2429437682676787,0.31376102923318394,0.15339936715129296,0.8141764320641453,0.8318321002294385,0.07996432431309013,1.5466961978589886,-0.6291898503846995,0.009426674592275478,2.0256414844554733,0.09520941338198233,1.0213201106728307,downregulated set,-0.6291898503846995,2.0256414844554733,1.0213201106728307
KHS1,5.0,11.0,96.0,0.44421073717948717,1.1706838296738222,0.983709820688907,0.007132992888993127,1.0,0.0,0.9101679104477612,-0.13579537240677356,0.661295315339325,0.17960455385656132,1.0,0.0,downregulated set,-0.13579537240677356,0.17960455385656132,0.0
KHS2,6.0,10.0,99.0,0.5179771996492254,0.9490395002128814,0.967925725080327,0.014157967511206283,1.0,0.0,0.799062049062049,-0.32362055869483314,0.7911081008311112,0.10176416835223291,1.0,0.0,downregulated set,-0.32362055869483314,0.10176416835223291,0.0
KIS,31.0,46.0,275.0,0.978283534647171,0.03167543467317955,0.5748658710966323,0.24043347398470313,1.0,0.0,1.3839030303030304,-0.4687428572794668,0.03760506185749299,1.4247536926038187,0.2895253507952489,0.5383134035135049,downregulated set,-0.4687428572794668,1.4247536926038187,0.5383134035135049
LATS1,23.0,8.0,126.0,1.6335438937479754,0.7080052208866212,0.029160309474078803,1.5352078712260961,0.19207769066621472,0.7165230744053652,0.49422372499295575,-1.0167638266162116,0.9874122225071141,0.005501501245977792,1.0,0.0,upregulated set,0.7080052208866212,1.5352078712260961,0.7165230744053652
LATS2,20.0,11.0,134.0,1.3181566912910196,0.39852187589380833,0.16197390730540223,0.790554941173251,0.8318321002294385,0.07996432431309013,0.6427489418578748,-0.6376727649006257,0.943551665972663,0.025234314224546396,1.0,0.0,upregulated set,0.39852187589380833,0.790554941173251,0.07996432431309013
LKB1,9.0,23.0,101.0,0.7684196991127684,0.380033590657459,0.8164675549310016,0.08806106872816799,1.0,0.0,1.872543910737823,-0.904999549958218,0.008635189504870723,2.063728127116028,0.09022284206813203,1.0446834965126792,downregulated set,-0.904999549958218,2.063728127116028,1.0446834965126792
LOK,6.0,15.0,81.0,0.6373704894605217,0.6497958716526101,0.8988206583889788,0.046326954364575304,1.0,0.0,1.4971466935213158,-0.582215586558137,0.10872325674709567,0.9636775470214343,0.5779499437608769,0.23810977419162066,downregulated set,-0.582215586558137,0.9636775470214343,0.23810977419162066
LRRK2,6.0,31.0,147.0,0.3425421615591574,1.545646522788564,0.9991486573015228,0.0003698909104706469,1.0,0.0,1.7473275024295432,-0.8051500386204787,0.006543526226491962,2.184188152592967,0.07343290543063202,1.1341092882496495,downregulated set,-0.8051500386204787,2.184188152592967,1.1341092882496495
MAK,6.0,16.0,141.0,0.3579393856468496,1.4822127963101572,0.9986123482763691,0.0006030680073947596,1.0,0.0,0.8995486782720825,-0.15272674114652682,0.6912405934233965,0.16037076563604644,1.0,0.0,downregulated set,-0.15272674114652682,0.16037076563604644,0.0
MAP3K15,6.0,9.0,49.0,1.0662116936806878,0.0924939100503423,0.507342312111379,0.2946989162156199,1.0,0.0,1.4759280566826136,-0.5616223997202423,0.19160173485834178,0.7176005629193027,0.8931588563396549,0.049071291059853195,downregulated set,-0.5616223997202423,0.7176005629193027,0.049071291059853195
MAPKAPK2,45.0,9.0,172.0,2.4864269835841313,1.3140740655795342,1.6367251184242002e-06,5.78602425252187,2.2542168676478755e-05,4.647004304841771,0.40136981574770547,-1.3169959692393471,0.9991025456806142,0.0003899344590354075,1.0,0.0,upregulated set,1.3140740655795342,5.78602425252187,4.647004304841771
MAPKAPK3,38.0,10.0,159.0,2.225468316764726,1.1541089617779237,6.497747518353022e-05,4.187237167955084,0.0006789025855382639,3.168192537351736,0.4862982929020665,-1.0400865677278721,0.9941988776933248,0.0025267314523718092,1.0,0.0,upregulated set,1.1541089617779237,4.187237167955084,3.168192537351736
MAPKAPK5,36.0,7.0,181.0,1.8233223884705374,0.8665696722527979,0.0020727504524876957,2.6834529813751704,0.01962635584699287,1.7071603311927714,0.2938770188562395,-1.7667155500473282,0.9999556436855274,1.9264129859091522e-05,1.0,0.0,upregulated set,0.8665696722527979,2.6834529813751704,1.7071603311927714
MARK1,12.0,16.0,190.0,0.5315616911130284,0.9116909594846221,0.9912429924834961,0.0038198698751031965,1.0,0.0,0.6550558213716109,-0.6103102420013452,0.9617777722490223,0.01692526417336163,1.0,0.0,downregulated set,-0.6103102420013452,0.01692526417336163,0.0
MARK2,13.0,20.0,205.0,0.5323491655969191,0.9095552810430699,0.9929055175738779,0.00309207592410354,1.0,0.0,0.7637288642825079,-0.3888675450842919,0.8932598167654553,0.04902220228069685,1.0,0.0,downregulated set,-0.3888675450842919,0.04902220228069685,0.0
MARK3,12.0,20.0,190.0,0.5315616911130284,0.9116909594846221,0.9912429924834961,0.0038198698751031965,1.0,0.0,0.8288666451404585,-0.27078808709924473,0.8117031887748172,0.09060274790429165,1.0,0.0,downregulated set,-0.27078808709924473,0.09060274790429165,0.0
MARK4,9.0,19.0,170.0,0.44467150496562263,1.1691881367055497,0.9969373934272022,0.001332114048244357,1.0,0.0,0.8842057924087066,-0.17754590950745788,0.7246096062127536,0.13989591278349,1.0,0.0,downregulated set,-0.17754590950745788,0.13989591278349,0.0
MASTL,5.0,14.0,87.0,0.4918213969938108,1.0237935932486981,0.9684313856973099,0.013931144040017948,1.0,0.0,1.2941420855837142,-0.37199602143686744,0.2301403295605752,0.6380072693327539,0.9740505271977201,0.011418514256907463,downregulated set,-0.37199602143686744,0.6380072693327539,0.011418514256907463
MEK1,23.0,13.0,159.0,1.2782697984854319,0.35419237138417414,0.17304723995894147,0.7618353231549484,0.858991410143943,0.06601117906251597,0.637883166185053,-0.6486358887666441,0.9579827824546372,0.018642296299470108,1.0,0.0,upregulated set,0.35419237138417414,0.7618353231549484,0.06601117906251597
MEK2,8.0,8.0,94.0,0.7334572746677683,0.4472151663713978,0.8417776245167311,0.0748026225153719,1.0,0.0,0.6705275084980485,-0.5766315747492076,0.897332289727022,0.047046704256199286,1.0,0.0,upregulated set,0.4472151663713978,0.0748026225153719,0.0
MEK5,3.0,7.0,63.0,0.40855323020928114,1.2914040362080843,0.9731188011220665,0.01183413658445714,1.0,0.0,0.8829891838741396,-0.17953232911635317,0.6786234006768791,0.16837116884412842,1.0,0.0,downregulated set,-0.17953232911635317,0.16837116884412842,0.0
MEKK1,1.0,5.0,49.0,0.17489020924825627,2.5154785687173145,0.9958646053823196,0.001799702873857016,1.0,0.0,0.8103417320007181,-0.3033976546770217,0.7359625978964366,0.13314425623306575,1.0,0.0,downregulated set,-0.3033976546770217,0.13314425623306575,0.0
MEKK2,3.0,8.0,47.0,0.5508876541536794,0.8601699636068744,0.902486209851687,0.044559425467814814,1.0,0.0,1.3647236560493516,-0.44860884828141223,0.26561147882689273,0.5757531601645052,1.0,0.0,downregulated set,-0.44860884828141223,0.5757531601645052,0.0
MEKK3,3.0,3.0,45.0,0.575796178343949,0.7963698813638017,0.8865059650567604,0.05231833780415807,1.0,0.0,0.5271137026239067,-0.9238138986449871,0.9165936190931755,0.03782317044086048,1.0,0.0,upregulated set,0.7963698813638017,0.05231833780415807,0.0
MEKK6,6.0,13.0,73.0,0.709333568250892,0.49546387208927994,0.8399145358127542,0.0757649026443435,1.0,0.0,1.4353531613805586,-0.5214057483899962,0.1555181714039305,0.8082188588597465,0.7724919005801795,0.11210606536820855,downregulated set,-0.5214057483899962,0.8082188588597465,0.11210606536820855
MELK,8.0,8.0,132.0,0.5148573109738158,0.9577554398219807,0.982390134054453,0.007716007712705053,1.0,0.0,0.4706831629908553,-1.0871718481997905,0.9918978298289529,0.00353305992917053,1.0,0.0,upregulated set,0.9577554398219807,0.007716007712705053,0.0
MINK,3.0,11.0,79.0,0.3238732564702088,1.6264987510232631,0.9932987496337559,0.0029201112185963255,1.0,0.0,1.1130927640279615,-0.1545738304393702,0.42136302626045474,0.37534357550424785,1.0,0.0,downregulated set,-0.1545738304393702,0.37534357550424785,0.0
MLK1,1.0,0,29.0,0.29768659973810563,1.7481338142805025,0.9624272821153281,0.016632074462679062,1.0,0.0,0,0,1,0,1.0,0.0,upregulated set,1.7481338142805025,0.016632074462679062,0.0
MLK2,2.0,3.0,37.0,0.46675246675246673,1.099270447878527,0.9226449782272439,0.034965377692459054,1.0,0.0,0.6429753368528879,-0.6371646949429042,0.8400430863503278,0.0756984381234695,1.0,0.0,downregulated set,-0.6371646949429042,0.0756984381234695,0.0
MLK3,5.0,6.0,52.0,0.8336415187376726,0.26250096340180057,0.7149390661848443,0.14573097127216883,1.0,0.0,0.9179864253393665,-0.1234552748434602,0.6409574421678608,0.19317080549716464,1.0,0.0,downregulated set,-0.1234552748434602,0.19317080549716464,0.0
MLK4,4.0,1.0,38.0,0.9144106272069952,0.12908592435144373,0.6429540562836091,0.19182005944807407,1.0,0.0,0.20739893211289093,-2.269519629084357,0.9903525264813886,0.004210186156470658,1.0,0.0,upregulated set,0.12908592435144373,0.19182005944807407,0.0
MNK1,1.0,2.0,69.0,0.12328013208585581,3.0199877821765115,0.9995518366819003,0.00019467848317881713,1.0,0.0,0.22649140546006066,-2.142471788701507,0.9979284902459717,0.0009005783561850495,1.0,0.0,downregulated set,-2.142471788701507,0.0009005783561850495,0.0
MNK2,5.0,8.0,66.0,0.6534090909090909,0.613941567692922,0.8713334816774245,0.05981559753671146,1.0,0.0,0.965034965034965,-0.05134688000022042,0.5935755763078217,0.22652397715787195,1.0,0.0,downregulated set,-0.05134688000022042,0.22652397715787195,0.0
MOK,14.0,45.0,283.0,0.4039230778201495,1.3078475192708594,0.9999152848026842,3.679290120853979e-05,1.0,0.0,1.3069509174365777,-0.38620496171446,0.07338873556243387,1.1343705948318918,0.43601542892975415,0.36049814242752326,downregulated set,-0.38620496171446,1.1343705948318918,0.36049814242752326
MOS,61.0,6.0,182.0,3.371286916208791,1.753299414322133,3.3508024790537776e-12,11.4748511719216,1.0152931511532947e-10,9.993408543419294,0.24967679379444085,-2.0018663586572987,0.9999895680711978,4.53055274566108e-06,1.0,0.0,upregulated set,1.753299414322133,11.4748511719216,9.993408543419294
MPSK1,4.0,17.0,87.0,0.3922000661011347,1.3503383162064304,0.9884061159898619,0.005064575964787572,1.0,0.0,1.585787653285819,-0.6651995982412858,0.06541966020458038,1.184291715968588,0.4059567233731432,0.39152026150163477,downregulated set,-0.6651995982412858,1.184291715968588,0.39152026150163477
MRCKA,1.0,4.0,73.0,0.11635165597364314,3.1034363508569367,0.9997131830327487,0.00012458089300458649,1.0,0.0,0.4300248337739325,-1.2175081175657316,0.9787678619084137,0.009320299255863097,1.0,0.0,downregulated set,-1.2175081175657316,0.009320299255863097,0.0
MRCKB,7.0,2.0,49.0,1.247926267281106,0.3195326962431551,0.35489821664889076,0.4498961829614857,1.0,0.0,0.32130991931656383,-1.6379625752423095,0.9828253452548614,0.007523652393016445,1.0,0.0,upregulated set,0.3195326962431551,0.4498961829614857,0.0
MSK1,11.0,1.0,75.0,1.2854901960784313,0.36231860735323845,0.26890586956859036,0.570399718068892,1.0,0.0,0.10365217391304347,-3.2701777202569384,0.9998886116725477,4.8378030384924736e-05,1.0,0.0,upregulated set,0.36231860735323845,0.570399718068892,0.0
MSK2,13.0,2.0,93.0,1.2249575551782683,0.29273176066073753,0.2948149681830928,0.5304504704931216,1.0,0.0,0.16654163540885222,-2.586045198738867,0.9998529978136521,6.384693129283168e-05,1.0,0.0,upregulated set,0.29273176066073753,0.5304504704931216,0.0
MST1,6.0,6.0,51.0,1.0236428976735388,0.03371251259559505,0.543652447849689,0.2646786521732648,1.0,0.0,0.9363321799307959,-0.09490765341150399,0.6236027661173906,0.2050919670770787,1.0,0.0,upregulated set,0.03371251259559505,0.2646786521732648,0.0
MST2,6.0,5.0,49.0,1.0662116936806878,0.0924939100503423,0.507342312111379,0.2946989162156199,1.0,0.0,0.8103417320007181,-0.3033976546770217,0.7359625978964366,0.13314425623306575,1.0,0.0,upregulated set,0.0924939100503423,0.2946989162156199,0.0
MST3,4.0,14.0,62.0,0.5554982994950015,0.8481455996796258,0.9213785074721254,0.0355619225317036,1.0,0.0,1.832977069568597,-0.8741887379636719,0.038378059150400594,1.4159169921222872,0.2895253507952489,0.5383134035135049,downregulated set,-0.8741887379636719,1.4159169921222872,0.5383134035135049
MST4,8.0,10.0,109.0,0.6289599477450194,0.6689599458740834,0.9284603106372832,0.032236656533387156,1.0,0.0,0.7230231542158148,-0.4678862458611066,0.871141969188626,0.05991106266064687,1.0,0.0,downregulated set,-0.4678862458611066,0.05991106266064687,0.0
MTOR,22.0,37.0,214.0,0.8862030730239189,0.17429076532294707,0.7312683255282146,0.13592323738694764,1.0,0.0,1.4229047575840064,-0.5088390980135347,0.04108775605345116,1.3862875764362235,0.2895253507952489,0.5383134035135049,downregulated set,-0.5088390980135347,1.3862875764362235,0.5383134035135049
MYLK4,12.0,1.0,84.0,1.2519906323185013,0.32422376773522554,0.28259390594694234,0.5488372078170847,1.0,0.0,0.0922360248447205,-3.4385258522012134,0.9999626980696721,1.620032465932259e-05,1.0,0.0,upregulated set,0.32422376773522554,0.5488372078170847,0.0
MYO3A,6.0,5.0,61.0,0.8526698645300722,0.22994082579047417,0.7039225616732105,0.15247511484626172,1.0,0.0,0.6480457670304313,-0.6258323905178379,0.8750990964999823,0.0579427645476743,1.0,0.0,upregulated set,0.22994082579047417,0.15247511484626172,0.0
MYO3B,3.0,6.0,66.0,0.38954834973943253,1.360125691888507,0.9791462792875522,0.009152422045923616,1.0,0.0,0.7195187165775401,-0.4748958791345817,0.8304962338043093,0.0806623326788299,1.0,0.0,downregulated set,-0.4748958791345817,0.0806623326788299,0.0
NDR1,11.0,8.0,94.0,1.018391044361007,0.026291637477622466,0.5265136600304821,0.2785903568642433,1.0,0.0,0.6705275084980485,-0.5766315747492076,0.897332289727022,0.047046704256199286,1.0,0.0,upregulated set,0.026291637477622466,0.2785903568642433,0.0
NDR2,11.0,16.0,121.0,0.7831253713606655,0.35268480632189725,0.817342986515669,0.08759565963299407,1.0,0.0,1.0562484347608314,-0.07894920348764138,0.4621728062740043,0.3351956115020448,1.0,0.0,downregulated set,-0.07894920348764138,0.3351956115020448,0.0
NEK1,1.0,14.0,55.0,0.15546605293440738,2.685328502376078,0.9978733149503837,0.0009245910876646945,1.0,0.0,2.071631982475356,-1.0507677365117045,0.01771553861311562,1.7516456390887478,0.16266085453860707,0.7887169504643303,downregulated set,-1.0507677365117045,1.7516456390887478,0.7887169504643303
NEK11,5.0,13.0,65.0,0.6637080867850098,0.5913792423930235,0.8632257228282483,0.06387562680994438,1.0,0.0,1.6168168168168169,-0.6931562326516927,0.08783306578719265,1.0563419580628184,0.502139979877724,0.29917519916130236,downregulated set,-0.6931562326516927,1.0563419580628184,0.29917519916130236
NEK2,2.0,11.0,71.0,0.24019673597138386,2.0577115484645185,0.9969153834817135,0.001341702316730213,1.0,0.0,1.242211477822157,-0.3129108032149229,0.3030722614442446,0.5184538104254106,1.0,0.0,downregulated set,-0.3129108032149229,0.5184538104254106,0.0
NEK3,1.0,20.0,79.0,0.10727447524435187,3.2206212510298955,0.9998533289327481,6.370310697789541e-05,1.0,0.0,2.079676943387435,-1.0563594378034924,0.005317038875559901,2.274330164327645,0.06712761580394375,1.1730987775369461,downregulated set,-1.0563594378034924,2.274330164327645,1.1730987775369461
NEK4,1.0,11.0,59.0,0.14471143531431024,2.7887491645906763,0.9986359724032116,0.0005927940441407209,1.0,0.0,1.5015431317986339,-0.5864459168785887,0.1502485648946067,0.8231896674871516,0.7634702267608224,0.11720789456774866,downregulated set,-0.5864459168785887,0.8231896674871516,0.11720789456774866
NEK5,5.0,7.0,49.0,0.8856619570905285,0.17517194451509743,0.6682614464474795,0.17505359360935552,1.0,0.0,1.1411715128529287,-0.19051563838104868,0.43527100156265186,0.3612402652589265,1.0,0.0,downregulated set,-0.19051563838104868,0.3612402652589265,0.0
NEK6,11.0,7.0,70.0,1.3798786181139122,0.4645413650128451,0.20808922465568713,0.681750407985085,0.9851724229792688,0.006487753466667204,0.7926253687315634,-0.33528895201054015,0.7720283209691094,0.11236676777954292,1.0,0.0,upregulated set,0.4645413650128451,0.681750407985085,0.006487753466667204
NEK7,2.0,4.0,57.0,0.3007518796992481,1.7333543406138274,0.987912958776595,0.005281317748654898,1.0,0.0,0.554016620498615,-0.8519988371124462,0.9219029294780815,0.03531480498909196,1.0,0.0,downregulated set,-0.8519988371124462,0.03531480498909196,0.0
NEK8,3.0,2.0,46.0,0.5630711714206591,0.8286108063897719,0.8947673310371056,0.04828988086655725,1.0,0.0,0.34264408493427706,-1.545217312921399,0.9766438185693213,0.01026379435053699,1.0,0.0,upregulated set,0.8286108063897719,0.04828988086655725,0.0
NEK9,0,4.0,38.0,0,0,1,0,1.0,0.0,0.8368728839642967,-0.25691959230472333,0.7051976219161233,0.1516891609082325,1.0,0.0,downregulated set,-0.25691959230472333,0.1516891609082325,0.0
NIK,2.0,7.0,73.0,0.23344205262013482,2.0988636210671126,0.9974704655601551,0.0010999546228112602,1.0,0.0,0.7592031357336243,-0.39744214375857345,0.8053942312714655,0.09399148540147333,1.0,0.0,downregulated set,-0.39744214375857345,0.09399148540147333,0.0
NIM1,6.0,15.0,131.0,0.386735720772686,1.3705800700540098,0.9969281111483398,0.0013361576935957808,1.0,0.0,0.9084200087636355,-0.1385686118432626,0.6751770097110388,0.17058235418693649,1.0,0.0,downregulated set,-0.1385686118432626,0.17058235418693649,0.0
NLK,18.0,90.0,357.0,0.4047103791349316,1.3050382462890115,0.9999854089158231,6.3368735740520446e-06,1.0,0.0,2.3634453781512605,-1.2408915227964559,1.0173788609104797e-09,8.992517290378055,1.164527315269039e-07,6.9338503201550745,downregulated set,-1.2408915227964559,8.992517290378055,6.9338503201550745
NUAK1,14.0,11.0,147.0,0.8203677510608204,0.2856573147944643,0.7927907284441471,0.10084143749489335,1.0,0.0,0.5830033505939689,-0.7784239200869552,0.9737748722556058,0.011541436384427135,1.0,0.0,upregulated set,0.2856573147944643,0.10084143749489335,0.0
NUAK2,17.0,24.0,172.0,0.8516472868217054,0.23167203874534242,0.7657847537303146,0.1158932844191318,1.0,0.0,1.1201791131012566,-0.16372943310673815,0.3416071565613151,0.46647303955641684,1.0,0.0,downregulated set,-0.16372943310673815,0.46647303955641684,0.0
OSR1,7.0,8.0,54.0,1.1302867383512545,0.17668881115459278,0.4430059039309405,0.35359048590437187,1.0,0.0,1.1847468770545693,-0.24457885808904178,0.387087893158374,0.41219041177775395,1.0,0.0,downregulated set,-0.24457885808904178,0.41219041177775395,0.0
P38A,20.0,52.0,276.0,0.6053286488069097,0.7242094627991416,0.9898158864509349,0.0044455800837528425,1.0,0.0,1.5899142265601893,-0.6689489364189896,0.003873601764670721,2.411885030053679,0.051406420765277565,1.2889826333631371,downregulated set,-0.6689489364189896,2.411885030053679,1.2889826333631371
P38B,21.0,46.0,266.0,0.6643847795163584,0.5899090721105426,0.9724552232317145,0.012130386661463054,1.0,0.0,1.4359147869674185,-0.5219701363007789,0.023950826670635632,1.6206794921742818,0.2073457280343599,0.6833049080222523,downregulated set,-0.5219701363007789,1.6206794921742818,0.6833049080222523
P38D,29.0,57.0,245.0,1.0324263038548753,0.046038803574316264,0.47071225673409656,0.327244493083498,1.0,0.0,2.0222300684979873,-1.0159471415531192,1.9837526149821096e-05,4.7025124877498605,0.0006678633803773103,3.1753123686868805,downregulated set,-1.0159471415531192,4.7025124877498605,3.1753123686868805
P38G,31.0,50.0,247.0,1.1014693808216076,0.13942939086194256,0.3453793944860745,0.46170357622986913,1.0,0.0,1.7165444797023743,-0.7795072413992316,0.0012409092964911844,2.90625996183165,0.020888639824268272,1.6800898384326508,downregulated set,-0.7795072413992316,2.90625996183165,1.6800898384326508
P70S6K,11.0,12.0,134.0,0.7036630572627061,0.5070433222481427,0.8978226496642722,0.04680944270788625,1.0,0.0,0.7032800071498794,-0.5078288899456842,0.9054821737146427,0.04312009524895121,1.0,0.0,upregulated set,0.5070433222481427,0.04680944270788625,0.0
P70S6KB,12.0,9.0,117.0,0.8877679697351829,0.17174543706668108,0.6938015591144535,0.15876472854405554,1.0,0.0,0.6026021456288518,-0.7307222850771349,0.9528517629320797,0.020974658173951905,1.0,0.0,upregulated set,0.17174543706668108,0.15876472854405554,0.0
P90RSK,8.0,3.0,68.0,1.0237959261374452,0.03392817071815893,0.5320106495310158,0.274079674121749,1.0,0.0,0.34586691819584975,-1.5317110668291227,0.9895403634070001,0.004566486199970652,1.0,0.0,upregulated set,0.03392817071815893,0.274079674121749,0.0
PAK1,7.0,7.0,82.0,0.7366247049567269,0.44099831165884557,0.8275330579122688,0.08221464820829566,1.0,0.0,0.6736096122023167,-0.5700153695209518,0.8832386002517398,0.053921959191406216,1.0,0.0,upregulated set,0.44099831165884557,0.08221464820829566,0.0
PAK2,6.0,4.0,86.0,0.5991924026022583,0.7389087634764344,0.9253458176445511,0.033695933609506325,1.0,0.0,0.3632530939752482,-1.460953008952886,0.9932348505195284,0.0029480503712136404,1.0,0.0,upregulated set,0.7389087634764344,0.033695933609506325,0.0
PAK3,2.0,8.0,71.0,0.24019673597138386,2.0577115484645185,0.9969153834817135,0.001341702316730213,1.0,0.0,0.8954079506625552,-0.1593829663594241,0.6692086033345437,0.17443848439120202,1.0,0.0,downregulated set,-0.1593829663594241,0.17443848439120202,0.0
PAK4,7.0,9.0,89.0,0.6769119246103661,0.5629599629984462,0.8809190332335669,0.05506400649804833,1.0,0.0,0.8005868035875038,-0.32087025952135884,0.7813558609319027,0.10715112586672781,1.0,0.0,downregulated set,-0.32087025952135884,0.10715112586672781,0.0
PAK5,4.0,6.0,85.0,0.4017289983085886,1.315705490596268,0.9863658190194543,0.0059619859545414974,1.0,0.0,0.5547404844290658,-0.850115079080195,0.9507974651158648,0.02191198479793778,1.0,0.0,downregulated set,-0.850115079080195,0.02191198479793778,0.0
PAK6,12.0,9.0,101.0,1.0346372342152248,0.049125016866037576,0.5036269800061476,0.29789101217432046,1.0,0.0,0.7022945618003937,-0.509851831144416,0.8807837700786085,0.055130696568369206,1.0,0.0,upregulated set,0.049125016866037576,0.29789101217432046,0.0
PASK,27.0,11.0,110.0,2.2404075235109717,1.163761178119273,0.0005519036144348455,3.258136761716638,0.005394412747540587,2.2680558270486055,0.7901492537313433,-0.3398029007370986,0.8090198057605389,0.09204084621563469,1.0,0.0,upregulated set,1.163761178119273,3.258136761716638,2.2680558270486055
PBK,4.0,23.0,103.0,0.32929061075095384,1.6025667187456432,0.9969672182604167,0.0013191216910234918,1.0,0.0,1.834801166250864,-0.8756237295500628,0.010482271047427138,1.9795446146315159,0.10245574604420718,0.9894636799634836,downregulated set,-0.8756237295500628,1.9795446146315159,0.9894636799634836
PDHK1,15.0,12.0,112.0,1.1729836802270577,0.23018294122722358,0.327146757340968,0.4852573800451343,1.0,0.0,0.8484816082121471,-0.23704470680911205,0.744773771866023,0.12797562597733664,1.0,0.0,upregulated set,0.23018294122722358,0.4852573800451343,0.0
PDHK4,27.0,12.0,139.0,1.753559910692136,0.8102867213702675,0.009722673952959827,2.0122142779429364,0.08183250577074522,1.0870741502079186,0.6766897858958343,-0.5634334825311625,0.9269341199186895,0.032951131413761055,1.0,0.0,upregulated set,0.8102867213702675,2.0122142779429364,1.0870741502079186
PDK1,6.0,9.0,91.0,0.5652097099042437,0.8231418445191694,0.9455782899651084,0.024302507546356284,1.0,0.0,0.782404539081097,-0.35401335484926916,0.8012132539571224,0.09625187506389389,1.0,0.0,downregulated set,-0.35401335484926916,0.09625187506389389,0.0
PERK,3.0,6.0,51.0,0.5069314349943799,0.9801374661654294,0.9285082121494127,0.03221425080906602,1.0,0.0,0.9363321799307959,-0.09490765341150399,0.6236027661173906,0.2050919670770787,1.0,0.0,downregulated set,-0.09490765341150399,0.2050919670770787,0.0
PHKG1,12.0,17.0,117.0,0.8877679697351829,0.17174543706668108,0.6938015591144535,0.15876472854405554,1.0,0.0,1.165926272309251,-0.22147656217750908,0.32137651973781217,0.4929858566355545,1.0,0.0,downregulated set,-0.22147656217750908,0.4929858566355545,0.0
PHKG2,9.0,8.0,90.0,0.865909090909091,0.20771252603133747,0.7071390893568577,0.1504951550869902,1.0,0.0,0.7013806706114398,-0.511730423060933,0.8711599456005532,0.059902100888363397,1.0,0.0,upregulated set,0.20771252603133747,0.1504951550869902,0.0
PIM1,8.0,17.0,114.0,0.6002384602282405,0.7363923324275465,0.9463180549793261,0.023962873844106,1.0,0.0,1.1979683250679891,-0.26058976299192604,0.28752626075719045,0.5413224835618352,1.0,0.0,downregulated set,-0.26058976299192604,0.5413224835618352,0.0
PIM2,10.0,19.0,167.0,0.5051785679455422,0.9851346603829529,0.9914662188928282,0.0037220784313137132,1.0,0.0,0.9011335127909319,-0.15018722195463302,0.697834043344576,0.15624784761927069,1.0,0.0,downregulated set,-0.15018722195463302,0.15624784761927069,0.0
PIM3,7.0,17.0,134.0,0.4420077034183919,1.1778565814094217,0.9934207492110748,0.0028667732981485154,1.0,0.0,1.0114548836365287,-0.016431969322309836,0.5232297605171465,0.2813075619682004,1.0,0.0,downregulated set,-0.016431969322309836,0.2813075619682004,0.0
PINK1,22.0,53.0,265.0,0.7012983690438119,0.5118997220384661,0.9549616040213431,0.02001408966953236,1.0,0.0,1.7010238907849828,-0.7664034037143915,0.0011154467217816216,2.9525511685346313,0.020888639824268272,1.6800898384326508,downregulated set,-0.7664034037143915,2.9525511685346313,1.6800898384326508
PKACA,9.0,3.0,68.0,1.1555099312452253,0.2085296593699445,0.3982278749352023,0.3998683437389464,1.0,0.0,0.34586691819584975,-1.5317110668291227,0.9895403634070001,0.004566486199970652,1.0,0.0,upregulated set,0.2085296593699445,0.3998683437389464,0.0
PKACB,8.0,7.0,70.0,0.9938049006010171,0.008965438836174925,0.5628246861140163,0.24962686218260988,1.0,0.0,0.7926253687315634,-0.33528895201054015,0.7720283209691094,0.11236676777954292,1.0,0.0,upregulated set,0.008965438836174925,0.24962686218260988,0.0
PKACG,7.0,3.0,45.0,1.3608602150537634,0.4445188835900357,0.2857746559888346,0.5439762893737858,1.0,0.0,0.5271137026239067,-0.9238138986449871,0.9165936190931755,0.03782317044086048,1.0,0.0,upregulated set,0.4445188835900357,0.5439762893737858,0.0
PKCA,2.0,11.0,53.0,0.3239293201557352,1.6262490366682938,0.9822968219544732,0.007757261033008873,1.0,0.0,1.6752464094621233,-0.7443733150111476,0.09343411810145942,1.0294945092351298,0.5147370506316764,0.28841457022706873,downregulated set,-0.7443733150111476,1.0294945092351298,0.28841457022706873
PKCB,4.0,9.0,52.0,0.6647825018432048,0.5890456863595328,0.8447889351934748,0.07325178303929573,1.0,0.0,1.389237616982424,-0.47429338083353934,0.23440131493535193,0.6300399563588718,0.9740505271977201,0.011418514256907463,downregulated set,-0.47429338083353934,0.6300399563588718,0.011418514256907463
PKCD,4.0,1.0,41.0,0.8465674433102158,0.24030308730597028,0.6971212772502833,0.15669166170278728,1.0,0.0,0.192011311417462,-2.380736792038883,0.9932664900308669,0.0029342161342009875,1.0,0.0,upregulated set,0.24030308730597028,0.15669166170278728,0.0
PKCE,4.0,15.0,66.0,0.5210572175428405,0.9404862906506545,0.9410394850740185,0.026392153629067067,1.0,0.0,1.8477066739906618,-0.8857357450832647,0.03136594926301542,1.5035415643851813,0.25686169261334246,0.5903006599498712,downregulated set,-0.8857357450832647,1.5035415643851813,0.5903006599498712
PKCG,2.0,8.0,49.0,0.3508908325234856,1.5109058389274903,0.9741893392810513,0.011356627296321633,1.0,0.0,1.3080545827798575,-0.3874227431776042,0.2993681224559565,0.5237944464062433,1.0,0.0,downregulated set,-0.3874227431776042,0.5237944464062433,0.0
PKCH,4.0,4.0,49.0,0.7062658929386451,0.50171666747283,0.8120242513507528,0.09043100022860916,1.0,0.0,0.6463778493853681,-0.6295503354261094,0.8585057126730178,0.06625681060893068,1.0,0.0,upregulated set,0.50171666747283,0.09043100022860916,0.0
PKCI,3.0,13.0,79.0,0.3238732564702088,1.6264987510232631,0.9932987496337559,0.0029201112185963255,1.0,0.0,1.3233740069183106,-0.4042208482170376,0.22007439220902333,0.6574304888838474,0.9664136353526677,0.014836951118797645,downregulated set,-0.4042208482170376,0.6574304888838474,0.014836951118797645
PKCT,1.0,0,49.0,0.17489020924825627,2.5154785687173145,0.9958646053823196,0.001799702873857016,1.0,0.0,0,0,1,0,1.0,0.0,upregulated set,2.5154785687173145,0.001799702873857016,0.0
PKCZ,0,7.0,75.0,0,0,1,0,1.0,0.0,0.7384070796460177,-0.4375117096701467,0.8254845274400209,0.08329106257125986,1.0,0.0,downregulated set,-0.4375117096701467,0.08329106257125986,0.0
PKG1,7.0,4.0,86.0,0.7013128282070518,0.5118699772836215,0.859980589653042,0.06551135096772087,1.0,0.0,0.3632530939752482,-1.460953008952886,0.9932348505195284,0.0029480503712136404,1.0,0.0,upregulated set,0.5118699772836215,0.06551135096772087,0.0
PKG2,8.0,8.0,75.0,0.9258252427184466,0.11118819649578154,0.6356666054112887,0.19677060352400905,1.0,0.0,0.8463905325443787,-0.24060460487359128,0.7232119192153534,0.14073442489054708,1.0,0.0,upregulated set,0.11118819649578154,0.19677060352400905,0.0
PKN1,10.0,7.0,96.0,0.9028908794788274,0.1473764561817531,0.6673005843255839,0.17567849485660827,1.0,0.0,0.5723635693215339,-0.804996246777676,0.9520054093104241,0.02136058394011191,1.0,0.0,upregulated set,0.1473764561817531,0.17567849485660827,0.0
PKN2,4.0,3.0,78.0,0.43892848365691817,1.1879421999524875,0.9762194572600638,0.01045254056756681,1.0,0.0,0.30040367795469836,-1.7350256184715254,0.9960301600573824,0.0017275108251141493,1.0,0.0,upregulated set,1.1879421999524875,0.01045254056756681,0.0
PKN3,8.0,6.0,85.0,0.8138587473824481,0.2971496715680241,0.7588649834489226,0.11983548650123155,1.0,0.0,0.5547404844290658,-0.850115079080195,0.9507974651158648,0.02191198479793778,1.0,0.0,upregulated set,0.2971496715680241,0.11983548650123155,0.0
PKR,3.0,13.0,87.0,0.29321326597847575,1.7699777174442828,0.9967472121559826,0.0014149703602921596,1.0,0.0,1.1980946463705084,-0.260741881796018,0.32015839948995056,0.4946350997923844,1.0,0.0,downregulated set,-0.260741881796018,0.4946350997923844,0.0
PLK1,15.0,10.0,67.0,1.994168231689236,0.9957871232696537,0.01836630978570342,1.7359780946848755,0.13573150890410088,0.867319322902306,1.1949182658137882,-0.2569119390948162,0.353835796330726,0.4511982331490052,1.0,0.0,upregulated set,0.9957871232696537,1.7359780946848755,0.867319322902306
PLK2,53.0,10.0,161.0,3.2370600414078674,1.6946841250892672,2.0008686418067468e-10,9.698781422113946,4.330451417624602e-09,8.363466829289878,0.47988760721679974,-1.0592315380068764,0.9949736403122025,0.0021884248006033193,1.0,0.0,upregulated set,1.6946841250892672,9.698781422113946,8.363466829289878
PLK3,41.0,9.0,144.0,2.695576690821256,1.430593955717623,8.07608587183802e-07,6.092799071914241,1.1652638186509143e-05,4.933575738145856,0.484606824925816,-1.0451133718618377,0.9923334113283793,0.0033423859384229945,1.0,0.0,upregulated set,1.430593955717623,6.092799071914241,4.933575738145856
PLK4,3.0,9.0,51.0,0.5069314349943799,0.9801374661654294,0.9285082121494127,0.03221425080906602,1.0,0.0,1.4170012218537267,-0.5028410022654954,0.21975359904716574,0.6580640034736462,0.9664136353526677,0.014836951118797645,downregulated set,-0.5028410022654954,0.6580640034736462,0.014836951118797645
PRKD1,22.0,15.0,118.0,1.6678540649238724,0.7379930603525208,0.0270751865083808,1.5674285430394241,0.18644957981907687,0.7294385910233065,1.013492754365303,-0.019335774765728057,0.5236987495096074,0.2809184631077285,1.0,0.0,upregulated set,0.7379930603525208,1.5674285430394241,0.7294385910233065
PRKD2,19.0,17.0,127.0,1.3203508957353485,0.4009213903889227,0.16745167198154076,0.7761105117327628,0.8456309435067808,0.07281913361410142,1.0700524136610583,-0.09768146492259674,0.4397384528198432,0.35680555594660435,1.0,0.0,upregulated set,0.4009213903889227,0.7761105117327628,0.07281913361410142
PRKD3,18.0,11.0,138.0,1.142503998836702,0.19219921481663452,0.3412772029837052,0.4668927212409909,1.0,0.0,0.6231667748215445,-0.6823097791354102,0.9550869237276443,0.019957100900705047,1.0,0.0,upregulated set,0.19219921481663452,0.4668927212409909,0.0
PRKX,12.0,5.0,85.0,1.236798457087753,0.3066104246072579,0.29498286885308,0.5302032049662776,1.0,0.0,0.46092806624115923,-1.1173864778004596,0.9788606973368454,0.00927910868972342,1.0,0.0,upregulated set,0.3066104246072579,0.5302032049662776,0.0
PRP4,26.0,42.0,261.0,0.8544456294189675,0.2269394024748278,0.7962957200890888,0.09892561850291372,1.0,0.0,1.3212341197822142,-0.40188613162753867,0.07197868016291371,1.1427961210509705,0.43601542892975415,0.36049814242752326,downregulated set,-0.40188613162753867,1.1427961210509705,0.36049814242752326
PRPK,31.0,15.0,126.0,2.2633200133200133,1.1784405832744584,0.00020563251092565636,3.6869082213916995,0.0020768883603491293,2.6825868476090573,0.9462667242123436,-0.07968120153272634,0.6199287114055625,0.2076582492489276,1.0,0.0,upregulated set,1.1784405832744584,3.6869082213916995,2.6825868476090573
QIK,11.0,14.0,162.0,0.5758290970709271,0.7962874036947362,0.9766046578446486,0.01028120871111664,1.0,0.0,0.675479696564034,-0.5660156889287021,0.9399800876744161,0.026881346298938534,1.0,0.0,downregulated set,-0.5660156889287021,0.026881346298938534,0.0
QSK,14.0,20.0,174.0,0.6858996244452031,0.5439306291460749,0.9327460054316619,0.0302366021881803,1.0,0.0,0.9107256187856991,-0.1349116270744434,0.6850105591721911,0.16430273397491485,1.0,0.0,downregulated set,-0.1349116270744434,0.16430273397491485,0.0
RAF1,10.0,10.0,100.0,0.865472312703583,0.20844042776703514,0.7129168210134837,0.14696113814554204,1.0,0.0,0.7907738095238095,-0.3386630051756161,0.8004621470335438,0.09665920056310545,1.0,0.0,upregulated set,0.20844042776703514,0.14696113814554204,0.0
RIPK1,6.0,7.0,124.0,0.4096566746188155,1.2875127737502587,0.9947260045369172,0.0022965284046442165,1.0,0.0,0.43845751260824056,-1.1894910454195522,0.9938198232459815,0.002692344840957375,1.0,0.0,downregulated set,-1.1894910454195522,0.002692344840957375,0.0
RIPK2,6.0,4.0,85.0,0.6064686968034803,0.7214949130730959,0.920586508074678,0.03593539432544122,1.0,0.0,0.3676642586859305,-1.4435391585495474,0.9925959992669647,0.003227479591830968,1.0,0.0,upregulated set,0.7214949130730959,0.03593539432544122,0.0
RIPK3,3.0,11.0,80.0,0.31970541401273883,1.6451849194170556,0.9938720076339658,0.00266954111313983,1.0,0.0,1.0987686567164179,-0.13588766204557784,0.4363769729429629,0.36013817464569964,1.0,0.0,downregulated set,-0.13588766204557784,0.36013817464569964,0.0
ROCK1,3.0,3.0,57.0,0.45256453234998323,1.1438045703970192,0.9558078103936568,0.019629424958761504,1.0,0.0,0.4143010587693724,-1.2712485876782047,0.9708771749772804,0.012835708921664947,1.0,0.0,upregulated set,1.1438045703970192,0.019629424958761504,0.0
ROCK2,3.0,5.0,72.0,0.35628980891719747,1.4888768767400082,0.9875687509363715,0.005432660650403565,1.0,0.0,0.5467986314760508,-0.8709184627063477,0.9424517689105876,0.02574086608976611,1.0,0.0,downregulated set,-0.8709184627063477,0.02574086608976611,0.0
RSK2,14.0,1.0,94.0,1.308967066919458,0.3884288001176301,0.2182056094945944,0.6611340890307451,1.0,0.0,0.08211532531606537,-3.6062046901325546,0.9999889830067192,4.784645745255186e-06,1.0,0.0,upregulated set,0.3884288001176301,0.6611340890307451,0.0
RSK3,5.0,5.0,101.0,0.4214267580604214,1.246646175379756,0.9888625550756164,0.004864068079652861,1.0,0.0,0.38558694579135333,-1.3748718855416802,0.9944263560983853,0.0024273737505564378,1.0,0.0,upregulated set,1.246646175379756,0.004864068079652861,0.0
RSK4,8.0,6.0,86.0,0.8040942274403552,0.31456352197136267,0.769380192413457,0.11385899873659522,1.0,0.0,0.5480848153214775,-0.8675289294835336,0.9541593283568901,0.020379099458737525,1.0,0.0,upregulated set,0.31456352197136267,0.11385899873659522,0.0
SBK,26.0,30.0,208.0,1.0949312714776633,0.13084031511391805,0.37115673137495214,0.4304426585856666,1.0,0.0,1.1634311100292114,-0.21838578731252534,0.2582528083601232,0.5879549470642058,1.0,0.0,downregulated set,-0.21838578731252534,0.5879549470642058,0.0
SGK1,8.0,6.0,68.0,1.0237959261374452,0.03392817071815893,0.5320106495310158,0.274079674121749,1.0,0.0,0.6978373702422145,-0.519037236794012,0.8495902063523344,0.0707905025616338,1.0,0.0,upregulated set,0.03392817071815893,0.274079674121749,0.0
SGK3,5.0,2.0,43.0,1.011478831246273,0.01646612674187008,0.5611302793852434,0.2509362955183939,1.0,0.0,0.36695511087074095,-1.4463245039853416,0.9683404738190553,0.013971915519529527,1.0,0.0,upregulated set,0.01646612674187008,0.2509362955183939,0.0
SIK,10.0,16.0,176.0,0.4776798933965058,1.0658839430261444,0.9952698345703267,0.0020591586736717345,1.0,0.0,0.7110192837465564,-0.49203940678914326,0.923619926742149,0.03450670591856547,1.0,0.0,downregulated set,-0.49203940678914326,0.03450670591856547,0.0
SKMLCK,13.0,11.0,85.0,1.3442724458204334,0.42682556103385705,0.20509873040653703,0.6880370279745971,0.9851724229792688,0.006487753466667204,1.0322036874451272,-0.04572768962851287,0.5107066560240986,0.29182848196098565,1.0,0.0,upregulated set,0.42682556103385705,0.6880370279745971,0.006487753466667204
SLK,2.0,13.0,85.0,0.1995891690009337,2.3248946620509283,0.9992417529983026,0.0003294273982146948,1.0,0.0,1.2272036742624979,-0.2953747074061806,0.2939880440230601,0.5316703312218308,1.0,0.0,downregulated set,-0.2953747074061806,0.5316703312218308,0.0
SMG1,10.0,25.0,139.0,0.6135026831954632,0.7048584412610837,0.9542832244599995,0.020322710657402234,1.0,0.0,1.466863892063919,-0.552735011874155,0.060961870237982906,1.214941717823697,0.4015531887414961,0.39625692100296606,downregulated set,-0.552735011874155,1.214941717823697,0.39625692100296606
SMMLCK,10.0,4.0,92.0,0.9435632346693102,0.08380888889329179,0.6178033426207459,0.2091497462808973,1.0,0.0,0.3387998982964658,-1.5614946532963725,0.9960909130839993,0.0017010217682164033,1.0,0.0,upregulated set,0.08380888889329179,0.2091497462808973,0.0
SNRK,10.0,6.0,95.0,0.9127378707354706,0.13172750290187304,0.6552748500751714,0.18357650026174155,1.0,0.0,0.4944891640866873,-1.0159891878356015,0.9762759043290098,0.010427429470196774,1.0,0.0,upregulated set,0.13172750290187304,0.18357650026174155,0.0
SRPK1,27.0,49.0,360.0,0.6199137931034483,0.6898604905320076,0.9937644784754835,0.002716530912878811,1.0,0.0,1.0985129068462403,-0.13555182063390075,0.3084906770709968,0.5107579562913609,1.0,0.0,downregulated set,-0.13555182063390075,0.5107579562913609,0.0
SRPK2,27.0,42.0,349.0,0.6423871158976385,0.6384851373014162,0.9894655758851721,0.0045993105664020074,1.0,0.0,0.9532498868948877,-0.06907364011477538,0.6353032973427704,0.19701889058941333,1.0,0.0,downregulated set,-0.06907364011477538,0.19701889058941333,0.0
SRPK3,22.0,46.0,354.0,0.5062338408503304,0.9821241425650373,0.9995674910671005,0.0001878768750748678,1.0,0.0,1.0408474576271187,-0.057758648608000965,0.43298359285387167,0.36352856015478774,1.0,0.0,downregulated set,-0.057758648608000965,0.36352856015478774,0.0
SSTK,9.0,12.0,121.0,0.6365782977353225,0.6515901215191319,0.9326257463341845,0.030292599457846257,1.0,0.0,0.7826990646805563,-0.35347037401943876,0.825025554321315,0.08353259941509558,1.0,0.0,downregulated set,-0.35347037401943876,0.08353259941509558,0.0
STK33,2.0,10.0,115.0,0.14586611456176674,2.777283318084826,0.9999658155439336,1.4846374395563876e-05,1.0,0.0,0.6837474120082816,-0.5484646275889454,0.905974914722097,0.04288382721126066,1.0,0.0,downregulated set,-0.5484646275889454,0.04288382721126066,0.0
STLK3,3.0,5.0,50.0,0.5172611464968153,0.9510352657302317,0.9226758267935017,0.03495085733148422,1.0,0.0,0.793841642228739,-0.33307685169657114,0.7508076372122379,0.1244713183865161,1.0,0.0,downregulated set,-0.33307685169657114,0.1244713183865161,0.0
TAK1,8.0,8.0,53.0,1.3208768394699884,0.4014959538146105,0.2898205183733161,0.5378708711047837,1.0,0.0,1.2075471698113207,-0.27207954543680074,0.3693207276924225,0.43259631739687987,1.0,0.0,upregulated set,0.4014959538146105,0.5378708711047837,0.0
TAO1,8.0,10.0,84.0,0.8238557558945908,0.27953632844005677,0.7480167522443886,0.12608867576411018,1.0,0.0,0.9470663265306123,-0.07846262842708,0.6137664527847664,0.21199685290096695,1.0,0.0,downregulated set,-0.07846262842708,0.21199685290096695,0.0
TAO2,8.0,13.0,105.0,0.6539066111881646,0.6128434854579093,0.9106808277088269,0.040633806399789,1.0,0.0,0.986014586014586,-0.020319106483704854,0.5639574659283386,0.24875364957906082,1.0,0.0,downregulated set,-0.020319106483704854,0.24875364957906082,0.0
TAO3,5.0,11.0,81.0,0.5294396961063628,0.9174617262180498,0.9518117622983061,0.021448932580248256,1.0,0.0,1.0847982310668878,-0.11742673104899866,0.4513684576604129,0.3454687933811189,1.0,0.0,downregulated set,-0.11742673104899866,0.3454687933811189,0.0
TBK1,6.0,3.0,53.0,0.9842868409876843,0.022849287690461243,0.5787515237552164,0.23750785254831247,1.0,0.0,0.4462291655206557,-1.1641432837326708,0.9582879608271087,0.01850396795025773,1.0,0.0,upregulated set,0.022849287690461243,0.23750785254831247,0.0
TGFBR1,62.0,11.0,205.0,3.0267623146819704,1.5977753877874405,8.361486508061951e-11,10.077716506668724,1.9488695476482854e-09,8.710217230473257,0.4087659264652348,-1.2906531524484142,0.9995710758472395,0.00018631935399158553,1.0,0.0,upregulated set,1.5977753877874405,10.077716506668724,8.710217230473257
TGFBR2,4.0,11.0,90.0,0.3787007454739084,1.400869833711367,0.9909309856759957,0.003956591310684359,1.0,0.0,0.9730348258706467,-0.03943665348658617,0.5821070933270204,0.23499710854192962,1.0,0.0,downregulated set,-0.03943665348658617,0.23499710854192962,0.0
TLK1,8.0,12.0,80.0,0.8663430420711974,0.2069896991509592,0.7013024594944455,0.15409463801125178,1.0,0.0,1.2022455089820359,-0.26573153700051927,0.325985130932651,0.4868022088313608,1.0,0.0,downregulated set,-0.26573153700051927,0.4868022088313608,0.0
TLK2,11.0,10.0,77.0,1.2511671335200747,0.3232745205948789,0.2947325868789216,0.5305718440642243,1.0,0.0,1.0358688930117501,-0.05084141675883542,0.510614121186926,0.29190717882131506,1.0,0.0,upregulated set,0.3232745205948789,0.5305718440642243,0.0
TNIK,3.0,11.0,63.0,0.40855323020928114,1.2914040362080843,0.9731188011220665,0.01183413658445714,1.0,0.0,1.4041222459132907,-0.48966854525454917,0.1961520341065381,0.7074071838552987,0.9005161565800157,0.045508490894862294,downregulated set,-0.48966854525454917,0.7074071838552987,0.045508490894862294
TSSK1,9.0,9.0,111.0,0.6965601965601965,0.5216800593240183,0.8862384933318248,0.052449390528126784,1.0,0.0,0.6366188146603576,-0.6514982998109754,0.9322540277798562,0.030465731604319878,1.0,0.0,upregulated set,0.5216800593240183,0.052449390528126784,0.0
TSSK2,20.0,5.0,122.0,1.4544350609924381,0.5404588830482874,0.08882345148292356,1.0514723551111769,0.507801996213695,0.29430559620966085,0.3166915052160954,-1.6588499251751194,0.9991495429276016,0.00036950596039761875,1.0,0.0,upregulated set,0.5404588830482874,1.0514723551111769,0.29430559620966085
TTBK1,2.0,5.0,53.0,0.3239293201557352,1.6262490366682938,0.9822968219544732,0.007757261033008873,1.0,0.0,0.7480772422951364,-0.418740852417825,0.7916117400463675,0.10148777358698209,1.0,0.0,downregulated set,-0.418740852417825,0.10148777358698209,0.0
TTBK2,3.0,7.0,45.0,0.575796178343949,0.7963698813638017,0.8865059650567604,0.05231833780415807,1.0,0.0,1.2444444444444445,-0.3155018257279294,0.3587169549161175,0.4452480957174251,1.0,0.0,downregulated set,-0.3155018257279294,0.4452480957174251,0.0
TTK,5.0,9.0,56.0,0.7729510073260073,0.37155112152352315,0.7696835208936091,0.11368781168865065,1.0,0.0,1.2880987706655362,-0.3652432227118168,0.2961227887897446,0.528528169224004,1.0,0.0,downregulated set,-0.3652432227118168,0.528528169224004,0.0
ULK1,4.0,10.0,59.0,0.5843937835057129,0.774987263346192,0.9029816853667979,0.04432105813034773,1.0,0.0,1.3609765940274414,-0.4446422556950283,0.23467223922585337,0.6295382826387566,0.9740505271977201,0.011418514256907463,downregulated set,-0.4446422556950283,0.6295382826387566,0.011418514256907463
ULK2,2.0,11.0,42.0,0.41043083900226757,1.2847889584743153,0.9507004688769655,0.02195629189983133,1.0,0.0,2.1226012793176974,-1.0858333932051263,0.028837093110753026,1.5400485202905771,0.24271220034883798,0.6149083925555595,downregulated set,-1.0858333932051263,1.5400485202905771,0.6149083925555595
VRK1,7.0,7.0,106.0,0.5647291539866098,0.8243689829125739,0.9561930905304371,0.01945439884912476,1.0,0.0,0.5164189903712362,-0.95338604077468,0.9760446007128724,0.010530336635637431,1.0,0.0,upregulated set,0.8243689829125739,0.01945439884912476,0.0
VRK2,9.0,31.0,162.0,0.4680735930735931,1.0951927188919706,0.9946647517876772,0.002323272000310531,1.0,0.0,1.5764256319811876,-0.6566571123602148,0.020531311074571016,1.6875833168607168,0.18297021339985348,0.737619605400667,downregulated set,-0.6566571123602148,1.6875833168607168,0.737619605400667
WNK1,9.0,5.0,106.0,0.7307951482479784,0.45246103894852935,0.8546343617431387,0.06821964976428502,1.0,0.0,0.36670724284844797,-1.4472993338327504,0.9963942357829585,0.0015687935551363707,1.0,0.0,upregulated set,0.45246103894852935,0.06821964976428502,0.0
WNK3,6.0,7.0,91.0,0.5652097099042437,0.8231418445191694,0.9455782899651084,0.024302507546356284,1.0,0.0,0.6049466757431359,-0.7251201161884631,0.9332708714163114,0.029992288849205077,1.0,0.0,downregulated set,-0.7251201161884631,0.029992288849205077,0.0
WNK4,6.0,8.0,113.0,0.45141279913496285,1.1474807703169425,0.9880231516815873,0.0052328787628199355,1.0,0.0,0.5538042624495995,-0.8525519371896803,0.9688063561677117,0.013763020526123264,1.0,0.0,downregulated set,-0.8525519371896803,0.013763020526123264,0.0
YANK2,7.0,9.0,101.0,0.5938038965186841,0.7519415346215034,0.940412201292082,0.026681744796515756,1.0,0.0,0.7022945618003937,-0.509851831144416,0.8807837700786085,0.055130696568369206,1.0,0.0,downregulated set,-0.509851831144416,0.055130696568369206,0.0
YANK3,11.0,3.0,96.0,0.9964256535947712,0.005165929754290697,0.5530131598957694,0.25726453379093966,1.0,0.0,0.24243804664723032,-2.0443119711505924,0.9993531227429905,0.00028102612769605043,1.0,0.0,upregulated set,0.005165929754290697,0.25726453379093966,0.0
YSK1,3.0,3.0,57.0,0.45256453234998323,1.1438045703970192,0.9558078103936568,0.019629424958761504,1.0,0.0,0.4143010587693724,-1.2712485876782047,0.9708771749772804,0.012835708921664947,1.0,0.0,upregulated set,1.1438045703970192,0.019629424958761504,0.0
YSK4,5.0,6.0,29.0,1.5075154730327145,0.5921728099217144,0.2696352289083898,0.5692233661389835,1.0,0.0,1.6600405679513184,-0.7312184984800547,0.1884415896619136,0.7248232407823223,0.8921531510556222,0.049560586263904506,downregulated set,-0.7312184984800547,0.7248232407823223,0.049560586263904506
ZAK,1.0,4.0,40.0,0.21495253164556963,2.21790999284249,0.9888158340421868,0.004884587783081614,1.0,0.0,0.7944444444444444,-0.3319817595512854,0.7398643662849251,0.13084788888116963,1.0,0.0,downregulated set,-0.3319817595512854,0.13084788888116963,0.0
